main_id,ra,dec,coo_err_maj,coo_err_min,coo_err_angle,coo_wavelength,coo_bibcode,sp_type,user_specified_id,object_number_id,source_id,teff_pastel,logg_pastel,feh_pastel,n_pastel_measurements
* tau Boo,206.8155757166775,17.456891543222227,0.0689,0.0643,90.0,O,2020yCat.1350....0G,F7IV-V,Gaia DR3 1244571953471006720,1,3,6424.0,4.26,0.28,25.0
* 111 Tau,81.10609695912,17.38353511554,0.0837,0.0574,90.0,O,2020yCat.1350....0G,F8V,Gaia DR3 3400292798990117888,2,3,6129.5,4.35,0.0,10.0
* mu. Ara,266.03626308953,-51.8340532231,0.062,0.0548,90.0,O,2020yCat.1350....0G,G3IV-V,Gaia DR3 5945941905576552064,3,3,5777.0,4.242,0.28500000000000003,32.0
* b Aql,291.24249988095914,11.94441346681389,0.0405,0.0462,90.0,O,2020yCat.1350....0G,G7IVHdel1,Gaia DR3 4315804351350378496,4,3,5619.0,4.165,0.39,36.0
*  68 Eri,77.18207796725,-4.456208286160001,0.0591,0.0358,90.0,O,2020yCat.1350....0G,F5.5VkF4mF2,Gaia DR3 3212075924646082176,5,3,6403.0,4.03,-0.32,14.0
*  11 LMi,143.91459247390253,35.81013251421528,0.0692,0.0601,90.0,O,2020yCat.1350....0G,G8Va,Gaia DR3 798068905726303232 ,6,3,5498.5,4.46,0.33,18.0
*  20 LMi,150.25273698433085,31.923670281899167,0.0697,0.0648,90.0,O,2020yCat.1350....0G,G3VaHdel1,Gaia DR3 746545172372256384 ,7,3,5740.0,4.31,0.21,24.0
* w Her,260.1648643743333,32.46774387746111,0.0427,0.0461,90.0,O,2020yCat.1350....0G,G0V,Gaia DR3 1333760419707327744,8,3,5684.5,4.34,-0.365,30.0
* zet Pic,79.84222921431,-50.60596716578,0.0438,0.0478,90.0,O,2020yCat.1350....0G,F6IV,Gaia DR3 4772547941122028672,9,3,6360.0,4.0,0.065,3.0
*  18 Sco,243.90529281485533,-8.369439479286111,0.0659,0.0548,90.0,O,2020yCat.1350....0G,G2Va,Gaia DR3 4345775217221821312,10,3,5799.0,4.44,0.04,45.0
HD 104304,180.1852506163712,-10.44612975486889,0.0704,0.0566,90.0,O,2020yCat.1350....0G,G8IV,Gaia DR3 3575733210781078016,11,3,5517.0,4.42,0.26,18.0
HD 156098,259.26519105946,-32.66283909598,0.0654,0.0407,90.0,O,2020yCat.1350....0G,F6V,Gaia DR3 5979460655025099776,12,3,6450.0,3.83,0.105,10.0
HD 190360,300.90585452836416,29.89680345441305,0.0209,0.0266,90.0,O,2020yCat.1350....0G,G7IV-V,Gaia DR3 2029433521248546304,13,3,5572.0,4.31,0.23,25.0
HD 224022,358.6609214459662,-40.30006163269888,0.0143,0.0175,90.0,O,2020yCat.1350....0G,G0V,Gaia DR3 2306216916182228224,14,3,6107.0,4.21,0.12,6.0
* rho Ind,343.66450808064,-70.07370890577,0.0205,0.0218,90.0,O,2020yCat.1350....0G,G1VFe+0.3,Gaia DR3 6384510877400590336,15,3,5851.0,4.2155000000000005,0.22999999999999998,14.0
HD  45588,96.79735276371,-25.85649791557,0.0123,0.0159,90.0,O,2020yCat.1350....0G,F8IV,Gaia DR3 2899947933845777920,16,3,6168.0,4.237500000000001,0.04,5.0
HD 194012,305.71820509538,14.551097581019995,0.0184,0.0133,90.0,O,2020yCat.1350....0G,F7V,Gaia DR3 1805044913356835328,17,3,6261.0,4.36,-0.06,3.0
HD 162396,268.21909590455,-41.99652410183,0.0215,0.0189,90.0,O,2020yCat.1350....0G,F9VFe-0.7CH-0.4,Gaia DR3 5956907713041688960,18,3,6088.0,4.19,-0.34,11.0
HD 157347,260.71369878638995,-2.3881776251900004,0.0195,0.0131,90.0,O,2020yCat.1350....0G,G3V,Gaia DR3 4367026303085396352,19,3,5688.0,4.41,0.03,23.0
HD  30743,72.42601713856,-13.76966884371,0.016,0.0133,90.0,O,2020yCat.1350....0G,F6VFe-0.9CH-0.5,Gaia DR3 3179824465465177984,20,3,6342.0,4.1,-0.445,13.0
HD  45184,96.18283162327,-28.78011547943,0.0113,0.0144,90.0,O,2020yCat.1350....0G,G2Va,Gaia DR3 2898239468873596800,21,3,5860.5,4.4350000000000005,0.055,18.0
HD  74576,130.82512654871584,-38.88238079093056,0.0107,0.0132,90.0,O,2020yCat.1350....0G,K3V,Gaia DR3 5528866839863569024,22,3,4988.0,4.61,-0.01,7.0
HD 125072,214.7701428865888,-59.37903793204583,0.0122,0.0155,90.0,O,2020yCat.1350....0G,K3IV,Gaia DR3 5866992641380992256,23,3,4907.0,4.53,0.26,13.0
HD 156365,259.52973124928,-24.07302262238,0.0209,0.0132,90.0,O,2020yCat.1350....0G,G3V,Gaia DR3 4111078309939315840,24,3,5863.0,4.09,0.29,6.0
* lam01 Tuc,13.102164159069998,-69.50376128404,0.0161,0.0124,90.0,O,2020yCat.1350....0G,F7IV/V,Gaia DR3 4691995692046507520,25,3,6325.0,,,1.0
HD   1004,3.5612822414900003,-55.06966084723,0.0119,0.0127,90.0,O,2020yCat.1350....0G,F5IV/V,Gaia DR3 4922906809055232640,26,3,6528.0,,,1.0
HD 108510,186.98120889845,-8.67799628577,0.0433,0.0273,90.0,O,2020yCat.1350....0G,G1V_Fe-0.7,Gaia DR3 3579784327012046336,27,3,6012.5,4.4399999999999995,-0.009999999999999998,4.0
HD 176377,284.71251240944,30.180644139090003,0.0103,0.0127,90.0,O,2020yCat.1350....0G,G1V,Gaia DR3 2041085973668754176,28,3,5862.0,4.43,-0.22,14.0
HD  43618,93.04678915097,-65.53117425797,0.2655,0.2657,90.0,O,2020yCat.1350....0G,F6V,Gaia DR3 5476519984615508224,29,3,6395.0,,,1.0
HD  28255A,66.05086367269,-57.07133817558,0.0163,0.0179,90.0,O,2020yCat.1350....0G,G4V,Gaia DR3 4775347916201249792,30,3,5875.5,4.45,0.05,2.0
HD 173885,282.04917554387,-14.70833586183,0.086,0.0826,90.0,O,2020yCat.1350....0G,F6V,Gaia DR3 4101951676226387584,31,3,6193.5,4.18,-0.23500000000000001,4.0
HD 109756,189.27845378011,-2.3221048529599995,0.027,0.0185,90.0,O,2020yCat.1350....0G,F5V,Gaia DR3 3683160646477904512,32,3,6357.0,,,2.0
HD  27848,66.09280509882,17.078954612860002,0.0246,0.011,90.0,O,2020yCat.1350....0G,F6V,Gaia DR3 3313947704182762240,33,3,6541.0,4.28,0.125,10.0
HD  97343,168.00496360455,-26.136669513369995,0.0172,0.0182,90.0,O,2020yCat.1350....0G,G8.5V,Gaia DR3 3532823773073745536,34,3,5409.5,4.415,-0.05,10.0
HD 149612,249.76725748979868,-58.25820246391833,0.0157,0.0141,90.0,O,2020yCat.1350....0G,G5VFe-1.2CH-0.9,Gaia DR3 5927236979422123264,35,3,5745.0,4.62,-0.45,5.0
HD  82106,142.47843826217374,5.6551314860244455,0.0213,0.0137,90.0,O,2020yCat.1350....0G,K3V,Gaia DR3 3852570413083923072,36,3,4827.0,4.5649999999999995,0.02,11.0
HD  61606,114.99720255776,-3.5975076620799995,0.0182,0.015,90.0,O,2020yCat.1350....0G,K3V,Gaia DR3 3057712223051571200,37,3,4934.5,4.55,0.03,20.0
HD  15060,35.89807587106,-55.61680056597999,0.0139,0.0151,90.0,O,2020yCat.1350....0G,F5V,Gaia DR3 4739858154758206720,38,3,6292.0,,,2.0
HD  19659,47.17702959648,-35.43289796886,0.0098,0.012,90.0,O,2020yCat.1350....0G,G3V,Gaia DR3 5047659906603781376,39,3,5744.0,3.72,0.15,2.0
HD 222794,355.86268038160784,58.08029754940584,0.0106,0.0114,90.0,O,2020yCat.1350....0G,G2V,Gaia DR3 1999127682240390528,40,3,5524.5,3.86,-0.76,8.0
HD  27808,66.06072377268,21.736245540710005,0.0188,0.0116,90.0,O,2020yCat.1350....0G,F8V,Gaia DR3 145373377272257664 ,41,3,6226.5,4.31,0.135,8.0
HD 159062,262.56844987609,47.40219471129001,0.014,0.0153,90.0,O,2020yCat.1350....0G,G9V_Fe-0.8,Gaia DR3 1362295082910131200,42,3,5409.0,4.495,-0.405,14.0
HD 190404,300.9671955077225,23.340685839826108,0.01,0.0117,90.0,O,2020yCat.1350....0G,K1V,Gaia DR3 1833199729671740800,43,3,5001.0,4.5,-0.58,21.0
HD 100742,173.8869822377,-12.411179798459996,0.0875,0.0778,90.0,O,2020yCat.1350....0G,F5/6V,Gaia DR3 3586141394007639424,44,3,6376.5,,,2.0
HD  40537,89.64767034556,-21.54389302045,0.0071,0.0128,90.0,O,2020yCat.1350....0G,K0V,Gaia DR3 2917842141990377088,45,3,4962.0,3.45,-0.09,1.0
HD 117105,202.1273032107283,-27.391846324343053,0.0207,0.0205,90.0,O,2020yCat.1350....0G,F9.5V,Gaia DR3 6189254689097655552,46,3,5907.0,4.36,-0.29,7.0
HD 150433,250.2842276034658,-2.8572782314730545,0.0163,0.0092,90.0,O,2020yCat.1350....0G,G5V,Gaia DR3 4354950641755249024,47,3,5680.0,4.45,-0.36,11.0
HD 193193,304.93826562547,-25.228602576539995,0.0163,0.013,90.0,O,2020yCat.1350....0G,G2V,Gaia DR3 6848935999040583168,48,3,5979.0,4.385,-0.05,8.0
HD 196081,308.976985821,-26.7734146808,0.0238,0.0161,90.0,O,2020yCat.1350....0G,F5V,Gaia DR3 6799948220537687424,49,3,6564.0,,,2.0
HD 116443,200.92018822325,2.72527437001,0.0202,0.0141,90.0,O,2020yCat.1350....0G,K2V,Gaia DR3 3712538811193759744,50,3,5019.5,4.57,-0.38,8.0
HD 126512,216.37550182051527,20.590158450357503,0.0105,0.0118,90.0,O,2020yCat.1350....0G,G0,Gaia DR3 1240498331609669120,1,3,5784.0,4.025,-0.61,11.0
HD  42024,91.54826115678,-45.81597494226,0.0629,0.0735,90.0,O,2020yCat.1350....0G,F7V,Gaia DR3 5566964814680494080,2,3,6204.5,4.214,0.175,4.0
HD  20201,48.22657864592,-47.15523329461,0.0115,0.0125,90.0,O,2020yCat.1350....0G,F9.5V,Gaia DR3 4750843684668806528,3,3,6007.0,4.404999999999999,0.09,6.0
HD 170008,276.75680781705,9.20959769055,0.0154,0.015,90.0,O,2020yCat.1350....0G,G5,Gaia DR3 4480059809287681792,4,3,5130.0,3.43,-0.34,3.0
HD 165269,271.5573343586,-27.492688639600004,0.0268,0.0233,90.0,O,2020yCat.1350....0G,G1V,Gaia DR3 4062932688663275264,5,3,6047.0,4.05,0.23,3.0
HD 204287,322.3103173196,-50.31684338421,0.0158,0.0134,90.0,O,2020yCat.1350....0G,G3V,Gaia DR3 6466670337598422912,6,3,5819.0,4.15,-0.04,3.0
HD 148967,248.00428454121,-9.69604850864,0.0203,0.0095,90.0,O,2020yCat.1350....0G,F2/3V,Gaia DR3 4338453363133559808,7,3,6364.0,,,2.0
HD  10180,24.47323849751,-60.51152280793,0.0133,0.013,90.0,O,2020yCat.1350....0G,G1V,Gaia DR3 4716158250340258944,8,3,5902.5,4.365,0.08,10.0
HD  51219,104.14243863258584,1.1620839512469443,0.0176,0.0175,90.0,O,2020yCat.1350....0G,G8V,Gaia DR3 3113909602378333056,9,3,5595.5,4.425000000000001,0.0,12.0
HD  28033,66.57707615652,21.47043011732,0.0462,0.0254,90.0,O,2020yCat.1350....0G,F8V,Gaia DR3 145293181643038336 ,10,3,6222.0,4.4,0.11,5.0
HD 199227,314.21748951911,-33.99852137139,0.0194,0.014,90.0,O,2020yCat.1350....0G,F5IV,Gaia DR3 6780562524869079040,11,3,6380.0,,,1.0
HD 154363,256.2641434622116,-5.066510817526111,0.0184,0.0119,90.0,O,2020yCat.1350....0G,K4/5V,Gaia DR3 4364527594192166400,12,3,4363.5,4.62,-0.61,14.0
HD  11505,28.27582864629749,-1.3269416245125,0.0267,0.0182,90.0,O,2020yCat.1350....0G,G5V,Gaia DR3 2505825177666430592,13,3,5757.5,4.359999999999999,-0.20500000000000002,10.0
V* V993 Tau,66.89954667159,15.58919176023,0.0197,0.01,90.0,O,2020yCat.1350....0G,F8V,Gaia DR3 3312709379213017728,14,3,6222.0,4.305,0.12,6.0
HD  38940,86.74201957817,-45.64740219078,0.0142,0.0155,90.0,O,2020yCat.1350....0G,F5V,Gaia DR3 4802108448674124544,15,3,6437.0,,,1.0
HD 142197,238.34446238151,-3.0291886648899995,0.0333,0.0254,90.0,O,2020yCat.1350....0G,F5V,Gaia DR3 4399875827873768192,16,3,6465.0,,,2.0
HD 212708,336.8528673315388,-49.36594460171888,0.0137,0.0149,90.0,O,2020yCat.1350....0G,G6IV,Gaia DR3 6517095109079262336,17,3,5660.0,4.33,0.28,12.0
HD 203311,320.46283143171,-16.27385619618,0.02,0.0157,90.0,O,2020yCat.1350....0G,G2V,Gaia DR3 6835987497274270848,18,3,5893.0,4.0,0.05,2.0
HD  27406,65.05402757468,19.233477347270004,0.0259,0.0124,90.0,O,2020yCat.1350....0G,F9V+,Gaia DR3 48203487411427456  ,19,3,6142.0,4.3,0.15,4.0
HD  34554,79.25100828689,-31.276685194959995,0.0125,0.0135,90.0,O,2020yCat.1350....0G,F5V,Gaia DR3 4827523900468374272,20,3,6218.5,,,2.0
HD 107038,184.63383025883,-8.904419924059999,0.023,0.0178,90.0,O,2020yCat.1350....0G,G0V,Gaia DR3 3581409233399344896,21,3,5916.0,3.9,-0.39,6.0
HD 196050,309.46545771599,-60.63448499164,0.013,0.0126,90.0,O,2020yCat.1350....0G,G3V,Gaia DR3 6454954010413575296,22,3,5901.5,4.265,0.23,14.0
HD 194497,306.50929137328,-3.86472889153,0.0226,0.0158,90.0,O,2020yCat.1350....0G,F6V,Gaia DR3 4219436280307870464,23,3,6213.5,3.84,-0.43,4.0
HD  42719,92.3654576043,-51.38943577919,0.0127,0.014,90.0,O,2020yCat.1350....0G,G5/8(III/IV+F),Gaia DR3 5549734058723830016,24,3,5809.0,4.07,0.185,4.0
HD  53842,101.55640316421,-83.99153276636,0.0158,0.0158,90.0,O,2020yCat.1350....0G,F5V,Gaia DR3 5194203331750283392,25,3,6436.5,,,2.0
HD  35627,81.47171189181,-6.362682694909999,0.0178,0.0132,90.0,O,2020yCat.1350....0G,F8/G0V,Gaia DR3 3208926854625048064,26,3,6069.0,4.24,0.03,5.0
HD    285,1.8672188297,-56.01148360853,0.0134,0.0125,90.0,O,2020yCat.1350....0G,F5IV/V,Gaia DR3 4922570530295523840,27,3,6445.0,,,1.0
HD 177409,287.47731471717,-68.29969104126,0.0079,0.0139,90.0,O,2020yCat.1350....0G,G1VCH-0.4,Gaia DR3 6421555485729063424,28,3,5880.0,4.43,-0.04,7.0
HD  29419,69.71371655818,23.14997338999,0.0201,0.012,90.0,O,2020yCat.1350....0G,G5V,Gaia DR3 146677879098433152 ,29,3,6058.0,4.385,0.15000000000000002,3.0
HD 188326,298.2564211199396,38.77337271065111,0.0134,0.0137,90.0,O,2020yCat.1350....0G,G8IV,Gaia DR3 2072596018435832960,30,3,5317.0,3.84,-0.13,7.0
HD     23,1.2812295733900003,-52.1517389195,0.0104,0.0124,90.0,O,2020yCat.1350....0G,G0V,Gaia DR3 4973139402225747072,31,3,6154.0,,,2.0
HD  61383,114.71391721128,-5.46554506305,0.0209,0.0172,90.0,O,2020yCat.1350....0G,G3V,Gaia DR3 3056203899255907328,32,3,5694.0,4.01,-0.49,7.0
HD 146124,244.22124153095,-49.85675131757,0.0147,0.01,90.0,O,2020yCat.1350....0G,G8IV-V,Gaia DR3 5935496128485727616,33,3,5504.0,,,2.0
HD  29310,69.38327163385,15.14646114019,0.4644,0.2357,90.0,O,2020yCat.1350....0G,G0,Gaia DR3 3309493720019304576,34,3,5828.5,4.2,0.08,14.0
*  51 LMi,166.31447847935002,25.201903534459166,0.0186,0.0179,90.0,O,2020yCat.1350....0G,G0,Gaia DR3 3996424359773549568,35,3,5889.0,4.045,-0.37,10.0
HD 190730,301.9738991107,-39.84333255424001,0.017,0.014,90.0,O,2020yCat.1350....0G,F5V,Gaia DR3 6687540473903265920,36,3,6421.0,,,1.0
HD 166297,272.8489416563,-33.32704584506,0.0232,0.0197,90.0,O,2020yCat.1350....0G,F5V,Gaia DR3 4039697293585955584,37,3,6251.5,,,2.0
V* V895 Tau,66.05196286165,14.758212703109995,0.1877,0.1198,90.0,O,2020yCat.1350....0G,G0V(e),Gaia DR3 3311151233797884416,38,3,5760.0,4.3,0.16,2.0
HD  74156,130.60467479643,4.57809604215,0.0182,0.0119,90.0,O,2020yCat.1350....0G,G1V,Gaia DR3 582221750852254080 ,39,3,6050.0,4.26,0.12,19.0
HD 224783A,0.1588162229979167,-66.68316793577056,0.0179,0.0178,90.0,O,2020yCat.1350....0G,,Gaia DR3 4707740973434034048,40,3,6352.0,,,1.0
HD 161098,265.93438398818995,-3.917865188060001,0.0185,0.0153,90.0,O,2020yCat.1350....0G,G8V,Gaia DR3 4176501313320676992,41,3,5617.0,4.46,-0.26,11.0
HD  44864,94.58640255718,-69.16234243038,0.016,0.0163,90.0,O,2020yCat.1350....0G,F3V,Gaia DR3 5279589377547576704,42,3,6604.5,,,2.0
HD   2615,7.395227601809999,-32.568999045519995,0.0166,0.0117,90.0,O,2020yCat.1350....0G,F5V,Gaia DR3 2315657456161729408,43,3,6315.0,3.99,-0.545,6.0
HD 174565,285.61126069672,-79.21530210827,0.0178,0.0198,90.0,O,2020yCat.1350....0G,F5IV,Gaia DR3 6364189321243796864,44,3,6411.0,,,1.0
HD  18456,44.218086833940006,-36.29737656451999,0.0115,0.0134,90.0,O,2020yCat.1350....0G,F5V,Gaia DR3 5049243375145251072,45,3,6685.0,,,2.0
HD 121608,209.15160866635,-10.033950441839998,0.0223,0.0216,90.0,O,2020yCat.1350....0G,G0V,Gaia DR3 3615366756669561472,46,3,6102.0,,,2.0
HD 132142,223.7960155919671,53.68034630217444,0.0147,0.0154,90.0,O,2020yCat.1350....0G,K1V,Gaia DR3 1606148310770764288,47,3,5164.0,4.5,-0.42,22.0
HD 205818,324.63127323794,-27.89392677916,0.02,0.0174,90.0,O,2020yCat.1350....0G,F3/5V,Gaia DR3 6810655436564988928,48,3,6649.0,,,2.0
HD 190470,301.04185764241,25.79022885087,0.0078,0.0129,90.0,O,2020yCat.1350....0G,K3V,Gaia DR3 1834788970646666112,49,3,5130.0,4.3,0.11,2.0
HD 160043,264.75276600831995,-28.412558694340003,0.0223,0.0161,90.0,O,2020yCat.1350....0G,F5V,Gaia DR3 4060239400532063232,50,3,6318.5,,,2.0
HD 159397,263.89170928733995,-24.628316750290004,0.0225,0.017,90.0,O,2020yCat.1350....0G,F5V,Gaia DR3 4110294529931299840,1,3,6375.5,,,2.0
HD  30589,72.38385395264,15.888743027620002,0.0181,0.0099,90.0,O,2020yCat.1350....0G,F8,Gaia DR3 3405113740864365440,2,3,6052.0,4.4,0.15,3.0
HD 194063,306.08162159449,-23.47580785822,0.1425,0.1114,90.0,O,2020yCat.1350....0G,F6V,Gaia DR3 6849734656799640192,3,3,6315.0,,,2.0
HD   1397,4.44646824588,-66.35890638457,0.0143,0.0143,90.0,O,2020yCat.1350....0G,G5III/IV,Gaia DR3 4707634458245031552,4,3,,,,
HD 107844,185.91518327775,-20.08810400407,0.0174,0.0142,90.0,O,2020yCat.1350....0G,K1V,Gaia DR3 3514974782343927040,5,3,,,,
HD   4208,11.111044461334163,-26.515682091086944,0.0218,0.0171,90.0,O,2020yCat.1350....0G,G7VFe-1CH-0.5,Gaia DR3 2343647384368388608,6,3,5639.0,4.48,-0.24,19.0
HD 147657,246.34533450766,-47.52871860065,0.0274,0.0155,90.0,O,2020yCat.1350....0G,F5V,Gaia DR3 5941651920460883328,7,3,6296.5,,,2.0
HD  44105,94.06334885558,-59.21926018133999,0.0166,0.016,90.0,O,2020yCat.1350....0G,F3/5V,Gaia DR3 5482551183847322496,8,3,6265.0,,,1.0
HD  28635,67.87228909752,13.903426206969998,0.1515,0.0926,90.0,O,2020yCat.1350....0G,F9V,Gaia DR3 3307815006281475200,9,3,6124.0,4.35,0.1,9.0
HD 171413,278.83581273302,-16.14080322925,0.026,0.0248,90.0,O,2020yCat.1350....0G,F3/5V,Gaia DR3 4102845029464582656,10,3,6549.0,,,2.0
HD  52395,104.93081605348,-29.70781295432,0.0118,0.0153,90.0,O,2020yCat.1350....0G,F7V,Gaia DR3 5607942273021322880,11,3,6146.0,,,2.0
HD 134711,222.64228531046,85.49645400999,0.017,0.0171,90.0,O,2020yCat.1350....0G,F8,Gaia DR3 1727457085066129664,12,3,6483.0,4.44,-0.17,1.0
HD 170905,278.18934913447,-22.137899060860004,0.019,0.0168,90.0,O,2020yCat.1350....0G,K0V,Gaia DR3 4090011426635298688,13,3,5346.0,,,1.0
HD 223691,357.95283407903,-33.45249284551999,0.0148,0.015,90.0,O,2020yCat.1350....0G,G5V,Gaia DR3 2313818699058718208,14,3,5515.0,4.08,-0.17,3.0
HD 185560,296.29287237371,-70.01654095437,0.0347,0.0498,90.0,O,2020yCat.1350....0G,F6V,Gaia DR3 6417553057243290112,15,3,6337.0,,,1.0
HD  25825,61.56719884414,15.69812048525,0.0203,0.0157,90.0,O,2020yCat.1350....0G,G0V,Gaia DR3 45367056650753280  ,16,3,5982.0,4.42,0.1,11.0
HD  77772,136.4623590108,38.43892536476,0.0192,0.0158,90.0,O,2020yCat.1350....0G,F6V,Gaia DR3 719021574535141120 ,17,3,6396.0,,,1.0
HD 109591,189.02743597358,-42.85230095942999,0.0248,0.0231,90.0,O,2020yCat.1350....0G,G5V,Gaia DR3 6145755844441101440,18,3,5763.0,4.275,-0.085,4.0
HD 132130,224.03338473519,43.31780231204001,0.0132,0.0144,90.0,O,2020yCat.1350....0G,G0,Gaia DR3 1585629190413334528,19,3,5378.0,3.94,0.05,5.0
HD 180965,293.17971234851,-81.53052308742,0.0134,0.0154,90.0,O,2020yCat.1350....0G,F5V,Gaia DR3 6359764233617410816,20,3,6604.0,,,2.0
HD  84725,146.70790448729,-16.546582016579997,0.018,0.0186,90.0,O,2020yCat.1350....0G,F5V,Gaia DR3 5685269001653018368,21,3,6324.5,,,2.0
HD  23041,55.67148733882,21.28165547042,0.0253,0.0171,90.0,O,2020yCat.1350....0G,F8,Gaia DR3 63561740706077056  ,22,3,6367.0,,,2.0
HD  30809,72.84672892968,15.43346484108,0.03,0.0147,90.0,O,2020yCat.1350....0G,F8,Gaia DR3 3404850790083594368,23,3,6374.0,4.285,0.225,4.0
HD 114962,198.53874415128,-14.28211639182,0.0207,0.0151,90.0,O,2020yCat.1350....0G,G1V,Gaia DR3 3608753056789641600,24,3,6095.5,,,2.0
HD    610,2.51857711341,-79.00184654706,0.0202,0.0169,90.0,O,2020yCat.1350....0G,F5V,Gaia DR3 4635412796456855424,25,3,6642.0,,,2.0
HD 221156,352.45895894322,-45.89397885461,0.0095,0.0144,90.0,O,2020yCat.1350....0G,F5V,Gaia DR3 6528247455519551232,26,3,6673.0,,,2.0
HD  28992,68.64712528208,15.504623029720005,0.0219,0.0127,90.0,O,2020yCat.1350....0G,G1V,Gaia DR3 3312575685471393664,27,3,5864.0,4.4,0.15,13.0
HD 150633,250.45926837158004,13.14883647437,0.0135,0.0118,90.0,O,2020yCat.1350....0G,K0,Gaia DR3 4461045267503021696,28,3,5609.0,4.28,0.11,3.0
HD  69600,123.06688986928002,-71.26613372059,0.015,0.0154,90.0,O,2020yCat.1350....0G,F5V,Gaia DR3 5269366221504073088,29,3,6611.0,,,2.0
HD  14516,35.12828979931,-6.3789702557,0.0222,0.0193,90.0,O,2020yCat.1350....0G,F5/6V,Gaia DR3 2487084684870159488,30,3,6503.5,,,2.0
HD 118826,204.89171330569,-15.616081066130002,0.0204,0.0167,90.0,O,2020yCat.1350....0G,F5V,Gaia DR3 3605478986040028544,31,3,6143.5,,,2.0
HD 121579,209.21960997844,-27.661822990489995,0.0242,0.0283,90.0,O,2020yCat.1350....0G,F3V,Gaia DR3 6177355018346589696,32,3,6532.0,,,1.0
HD 117858,203.12904957513203,36.03512667833056,0.0106,0.0113,90.0,O,2020yCat.1350....0G,G0,Gaia DR3 1471958448518765696,33,3,5817.5,3.935,-0.56,4.0
HD  88133,152.53198536283,18.18686900182,0.0219,0.0205,90.0,O,2020yCat.1350....0G,G8V,Gaia DR3 623408253837371392 ,34,3,5414.0,3.94,0.31,15.0
HD 221402,353.0185830074,-43.58999201955,0.0186,0.0177,90.0,O,2020yCat.1350....0G,F8/G2,Gaia DR3 6534858166102087040,35,3,5951.0,,,1.0
HD 190542,301.9144542376,-48.65245318272,0.0211,0.0177,90.0,O,2020yCat.1350....0G,F3/5V,Gaia DR3 6667552039706187776,36,3,6725.0,,,1.0
HD   7199,17.696754249910004,-66.18816340323,0.0139,0.0139,90.0,O,2020yCat.1350....0G,K1IV,Gaia DR3 4704957491028733824,37,3,5384.0,4.415,0.37,6.0
HD 193365,305.97591129301,-66.17890593027,0.0076,0.0141,90.0,O,2020yCat.1350....0G,G0V,Gaia DR3 6425860864023661184,38,3,5872.5,,,2.0
HD 178673,287.67424161024,-29.81366963439,0.0222,0.0214,90.0,O,2020yCat.1350....0G,G0V,Gaia DR3 6759168021467638912,39,3,6075.0,,,2.0
HD 145573,243.21081975591,-28.13199980076,0.1361,0.0841,90.0,O,2020yCat.1350....0G,F3V,Gaia DR3 6042173465333496448,40,3,,,,
HD 199903,315.2700572279,-34.9640764542,0.0193,0.0128,90.0,O,2020yCat.1350....0G,G3V,Gaia DR3 6780224734281075072,41,3,5889.0,,,1.0
V* V1309 Tau,63.61356091499,12.43531475009,0.0266,0.0163,90.0,O,2020yCat.1350....0G,G0,Gaia DR3 3304412601908736512,42,3,5798.0,4.47,0.17,14.0
HD 147742,246.10459869608,-22.65487071303,0.0232,0.0131,90.0,O,2020yCat.1350....0G,F6V,Gaia DR3 6051817591054336896,43,3,6308.5,,,2.0
HD 216568,343.63336278422,-41.82877275233,0.0182,0.0181,90.0,O,2020yCat.1350....0G,F3/5V,Gaia DR3 6542969984934147968,44,3,6414.0,,,2.0
HD 190681,301.55176138245,-1.71891234387,0.0186,0.0117,90.0,O,2020yCat.1350....0G,F5V,Gaia DR3 4235683797996186752,45,3,6184.0,4.02,-0.08,5.0
HD 181177,290.90206001652,-63.1919217399,0.0141,0.0149,90.0,O,2020yCat.1350....0G,G2/3V,Gaia DR3 6441658818889259008,46,3,5906.5,,,2.0
HD 217958,346.13696135315,-25.69110964763,0.0254,0.0269,90.0,O,2020yCat.1350....0G,G3V,Gaia DR3 2382836143445759488,47,3,5835.5,4.23,0.24,6.0
HD 206667,326.1866460117199,-42.12956308972,0.0241,0.0191,90.0,O,2020yCat.1350....0G,F8/G0V,Gaia DR3 6566237914427842944,48,3,6219.0,,,2.0
* phi Her,242.19240090854004,44.93490593204,0.4111,0.4383,90.0,O,2020yCat.1350....0G,B9VspHgMn,Gaia DR3 1386158505321789696,49,3,11721.0,3.8,0.2,8.0
* iot Lep,78.07462743943667,-11.86910091103778,0.2058,0.1702,90.0,O,2020yCat.1350....0G,B7.5Vn,Gaia DR3 2989514155341556224,50,3,12618.0,,,3.0
* A Cen,173.69023485487747,-54.26409310423222,0.0952,0.1035,90.0,O,2020yCat.1350....0G,B9V,Gaia DR3 5344985442961439872,1,3,10617.0,,,1.0
*  18 And,354.78471522488,50.47173264877999,0.0403,0.0377,90.0,O,2020yCat.1350....0G,B9Ve,Gaia DR3 1944475838303255424,2,3,10387.0,3.632,,2.0
*  83 Tau,67.65567885132,13.72440231472,0.0704,0.0369,90.0,O,2020yCat.1350....0G,F0IV,Gaia DR3 3307782570688378496,3,3,7635.0,4.07,0.06,1.0
HD  32667,75.9719660309,-24.388147513309995,0.022,0.0296,90.0,O,2020yCat.1350....0G,A2IV,Gaia DR3 2960561059245715968,4,3,8511.0,,,1.0
*  67 Mus,201.45958819876,-70.62725255886,0.0861,0.0952,90.0,O,2020yCat.1350....0G,ApHg(Mn),Gaia DR3 5843993572548726400,5,3,,,,
*   3 Hya,128.86749495767,-7.98229383938,0.0325,0.0271,90.0,O,2020yCat.1350....0G,A1VpSrCr,Gaia DR3 5753752736224380544,6,3,11200.0,4.0,1.6,1.0
HD   5550,14.629424953469998,66.35179378111,0.0251,0.0279,90.0,O,2020yCat.1350....0G,A0III,Gaia DR3 526024715129959296 ,7,3,,,,
*  16 Oph,251.37364517532,1.0201630064599998,0.0365,0.0243,90.0,O,2020yCat.1350....0G,B9IV/V,Gaia DR3 4383869275034264192,8,3,,,,
HD 191220,306.22882379157,-83.31061948225,0.023,0.0207,90.0,O,2020yCat.1350....0G,A2/3mA8-F0,Gaia DR3 6346617755337978240,9,3,,,,
HD  70612,125.35077702386,-39.62071548971,0.0157,0.0171,90.0,O,2020yCat.1350....0G,A4V,Gaia DR3 5540043306840497408,10,3,7963.0,,,3.0
HD  63584,116.05422120225003,-69.82161521828,0.1342,0.1692,90.0,O,2020yCat.1350....0G,A0IV/V,Gaia DR3 5264684329193948672,11,3,10300.0,,,2.0
HD 115612,199.11931457344,68.40799825732,0.0299,0.0303,90.0,O,2020yCat.1350....0G,B8V,Gaia DR3 1684760402859121792,12,3,10328.0,,,1.0
HD 196426,309.32658925507,0.09695938289,0.0658,0.0318,90.0,O,2020yCat.1350....0G,B8IIIpec,Gaia DR3 4231133434759619200,13,3,13050.0,3.85,0.05,1.0
HD 181470,289.75478757353994,37.44534493095,0.0664,0.0756,90.0,O,2020yCat.1350....0G,A0III,Gaia DR3 2051256181345048832,14,3,10268.0,3.875,-0.05,2.0
V* KZ Cam,54.58222289971,56.93271538606,0.0236,0.0235,90.0,O,2020yCat.1350....0G,B9p,Gaia DR3 448776116237692928 ,15,3,,,,
HD  11965,29.03920243454,-49.83644500615001,0.0296,0.032,90.0,O,2020yCat.1350....0G,B8/9V,Gaia DR3 4940622209122354560,16,3,,,,
HD  12563,30.617768818380004,-29.665642833930008,0.0227,0.0216,90.0,O,2020yCat.1350....0G,A3III,Gaia DR3 5020974003482641536,17,3,,,,
HD 148515,247.20398268827995,-8.128842250830003,0.0243,0.0157,90.0,O,2020yCat.1350....0G,F3V,Gaia DR3 4350921790633365760,18,3,6722.0,,,1.0
HD  27561,65.39497888881,14.40978899267,0.024,0.0153,90.0,O,2020yCat.1350....0G,F5IV-V,Gaia DR3 3311024789960504576,19,3,6695.0,4.33,-0.12,10.0
HD 155379,258.0567498696299,-25.255141951010003,0.0827,0.0467,90.0,O,2020yCat.1350....0G,A0V,Gaia DR3 4112490185933375744,20,3,10765.0,,,1.0
HD 157316,261.17955156728,-45.00823636539,0.0209,0.0147,90.0,O,2020yCat.1350....0G,F3V,Gaia DR3 5952444383044606336,21,3,6893.5,,,2.0
HD 154140,257.2931562101,-68.84674089337,0.0167,0.023,90.0,O,2020yCat.1350....0G,B9.5V,Gaia DR3 5814186190262735232,22,3,,,,
HD  45618,101.1264788395,82.11533437298,0.027,0.0239,90.0,O,2020yCat.1350....0G,A5V,Gaia DR3 1143461757535195392,23,3,,,,
HD  10553,25.42168061498,-50.03863390283001,0.0145,0.0156,90.0,O,2020yCat.1350....0G,A3V,Gaia DR3 4917533117773655552,24,3,8171.5,,,2.0
HD 113457,196.25850451192,-64.44158390082,0.0225,0.0225,90.0,O,2020yCat.1350....0G,A0V,Gaia DR3 5862028930545927936,25,3,,,,
HD   8803,21.72313635155,3.53564867209,0.062,0.041,90.0,O,2020yCat.1350....0G,B9V,Gaia DR3 2560096418778511744,26,3,10988.5,,,2.0
HD   2191,6.51534938658,20.14684503401,0.0423,0.0298,90.0,O,2020yCat.1350....0G,B8,Gaia DR3 2796126449609364352,27,3,10120.5,3.727,,2.0
HD  27524,65.38187085732,21.039876971630004,0.0219,0.0121,90.0,O,2020yCat.1350....0G,F5V,Gaia DR3 49231668222673920  ,28,3,6620.0,4.21,0.05,5.0
HD 105205,181.69717901257,-12.240846965539998,0.0241,0.0217,90.0,O,2020yCat.1350....0G,F0/2IV,Gaia DR3 3574381842269217152,29,3,7046.0,,,1.0
HD 169247,275.83106138182,14.70004119709,0.021,0.0233,90.0,O,2020yCat.1350....0G,B9,Gaia DR3 4521623650911913984,30,3,,,,
HD  56222,109.37725017516,31.69805368396001,0.0359,0.0303,90.0,O,2020yCat.1350....0G,B8,Gaia DR3 887091483144696448 ,31,3,,,,
HD  77640,135.93089990351,-5.17136280047,0.0336,0.019,90.0,O,2020yCat.1350....0G,B9IV/V,Gaia DR3 5759268882981466112,32,3,,,,
*  19 Lyn B,110.71187288876,55.28431937953,0.0365,0.0403,90.0,O,2020yCat.1350....0G,B9V,Gaia DR3 987326227307654016 ,33,3,10691.0,,,1.0
HD 188787,299.55564669269,-36.68692672086,0.0226,0.0184,90.0,O,2020yCat.1350....0G,F2V,Gaia DR3 6698005866097076096,34,3,6794.5,,,2.0
HD 215869,341.82867710886,53.38180333398,0.1445,0.1511,90.0,O,2020yCat.1350....0G,A2,Gaia DR3 2002489026721005312,35,3,,,,
HD  38511,85.48970093177,-62.91375449643,0.0252,0.0234,90.0,O,2020yCat.1350....0G,A1V,Gaia DR3 4756779466921672192,36,3,,,,
HD   8437,20.45344754792,-66.38413358155,0.1766,0.1732,90.0,O,2020yCat.1350....0G,A0mA7-A9,Gaia DR3 4704810671866569344,37,3,,,,
HD  51638,105.30670786286,54.85668143706,0.0343,0.0316,90.0,O,2020yCat.1350....0G,B8,Gaia DR3 987827226653323520 ,38,3,10639.5,3.774,,2.0
HD 223452,357.47923171187995,-65.64115237601,0.0441,0.043,90.0,O,2020yCat.1350....0G,F2(m_dD),Gaia DR3 6485278403666781696,39,3,6685.0,,,1.0
HD 218003,346.2091255451,-27.1360614322,0.0255,0.0246,90.0,O,2020yCat.1350....0G,A3III,Gaia DR3 2379409584176933504,40,3,,,,
HD  41296,90.14889746768,-58.10208849921,0.0221,0.0232,90.0,O,2020yCat.1350....0G,A3V,Gaia DR3 5495799474328130688,41,3,,,,
HD  29769,68.64573280871,-72.73370989592,0.0347,0.0336,90.0,O,2020yCat.1350....0G,A6IV/V,Gaia DR3 4652758898057680128,42,3,,,,
HD 154569,257.0234109045999,-41.61474103744,0.3377,0.1888,90.0,O,2020yCat.1350....0G,A5IV,Gaia DR3 5965927316104213120,43,3,,,,
HD  28867B,68.3868124385,18.01682025106,0.033,0.017,90.0,O,2020yCat.1350....0G,B9.5,Gaia DR3 3314244361868283520,44,3,10593.0,,,1.0
HD 202316,318.76608152102,-2.57193975611,0.2246,0.1627,90.0,O,2020yCat.1350....0G,A3III/IV,Gaia DR3 2685592648748354304,45,3,,,,
HD 198546,313.28550233264,-51.71593783599,0.0233,0.0221,90.0,O,2020yCat.1350....0G,A0Vn,Gaia DR3 6477415349341523328,46,3,,,,
HD   9653,25.13177530312,81.42982051377,0.0185,0.0201,90.0,O,2020yCat.1350....0G,A0,Gaia DR3 566016942325467648 ,47,3,,,,
HD  18390,43.50466416342,-64.8998628436,0.0164,0.0188,90.0,O,2020yCat.1350....0G,F3/5V,Gaia DR3 4720137211122571520,48,3,6524.0,,,2.0
HD 199755,315.0530527563,-34.23433083697999,0.0241,0.0162,90.0,O,2020yCat.1350....0G,A2V,Gaia DR3 6780403645438489088,49,3,,,,
HD  80429,139.78276055152,-22.5530885729,0.0665,0.0584,90.0,O,2020yCat.1350....0G,A0V,Gaia DR3 5675713833291363968,50,3,,,,
HD  38631,86.27012365524,-41.78187896174,0.0148,0.0161,90.0,O,2020yCat.1350....0G,A7V,Gaia DR3 4804440203598953984,1,3,7852.0,,,1.0
HD   5524,14.20462919193,-25.36336480792,0.0208,0.019,90.0,O,2020yCat.1350....0G,A2/3V,Gaia DR3 2344599900739825280,2,3,,,,
HD 102925,177.83383769564,68.83386182062,0.0264,0.0277,90.0,O,2020yCat.1350....0G,Am,Gaia DR3 1058306574827519872,3,3,,,,
HD   7908,19.60572272438,-23.0132223717,0.0188,0.0136,90.0,O,2020yCat.1350....0G,F0VmA3_lB,Gaia DR3 5041659287534663552,4,3,7197.0,,,1.0
HD 167382,274.07964259965,-31.32128741409,0.0198,0.0171,90.0,O,2020yCat.1350....0G,F0V,Gaia DR3 4048927998510291328,5,3,6860.0,,,1.0
HD 187731,297.7454925666,16.857741551649998,0.0438,0.0441,90.0,O,2020yCat.1350....0G,B8,Gaia DR3 1820763806471758848,6,3,,,,
V* V539 Lyr,282.86181114013,39.32058756651,0.0278,0.0328,90.0,O,2020yCat.1350....0G,A0,Gaia DR3 2097463810335670144,7,3,,,,
HD 181018,290.84633181859,-65.57880264553,0.0253,0.0411,90.0,O,2020yCat.1350....0G,ApSi,Gaia DR3 6434438154232430848,8,3,,,,
HD  48629,100.77519882078,-29.23733000224,0.0277,0.0322,90.0,O,2020yCat.1350....0G,A0V,Gaia DR3 2918427773671030784,9,3,,,,
HD  11395,28.64266365318,68.15122201579,0.0161,0.0204,90.0,O,2020yCat.1350....0G,A0,Gaia DR3 519852297367322624 ,10,3,,,,
HD 138196,234.05428400749,-72.83932541065,0.0218,0.0257,90.0,O,2020yCat.1350....0G,B7/8II/III,Gaia DR3 5794744282062130176,11,3,,,,
HD  22593,54.28791523702,-29.83011447904,0.0149,0.0193,90.0,O,2020yCat.1350....0G,A1V,Gaia DR3 5056243519004167552,12,3,,,,
HD   9499,22.90577333422,-61.24932157237001,0.0244,0.0228,90.0,O,2020yCat.1350....0G,F2/3IV/V,Gaia DR3 4715737240466538240,13,3,6882.0,,,1.0
HD   8053,20.26816064256,54.6287110573,0.0262,0.0223,90.0,O,2020yCat.1350....0G,B8,Gaia DR3 410831080909479680 ,14,3,12155.5,3.547,,2.0
HD  33994,78.44871561682,-6.74827573945,0.0344,0.021,90.0,O,2020yCat.1350....0G,B5III,Gaia DR3 3208325490484138880,15,3,,,,
HD 223802,358.22344152456,-58.83828240607001,0.014,0.0137,90.0,O,2020yCat.1350....0G,F2V,Gaia DR3 6494429359770704384,16,3,6885.0,,,2.0
HD  92698,160.4692389497,-26.046658147140004,0.0232,0.023,90.0,O,2020yCat.1350....0G,A3V,Gaia DR3 5469850931193066496,17,3,,,,
HD  23489,56.61366054916,24.254998758980005,0.0283,0.0201,90.0,O,2020yCat.1350....0G,A2V,Gaia DR3 65231486552803328  ,18,3,9078.0,4.25,-0.02,1.0
HD 103086,178.05081986591,-19.20619184768,0.0206,0.0141,90.0,O,2020yCat.1350....0G,A9V,Gaia DR3 3543041809509098112,19,3,7223.0,,,1.0
HD 171770,279.28783821352,-15.026247169210004,0.0235,0.0227,90.0,O,2020yCat.1350....0G,F5IV/V,Gaia DR3 4103438009822537472,20,3,6711.0,,,1.0
HD 200352,315.59070343315,23.32427191394,0.0487,0.04,90.0,O,2020yCat.1350....0G,B9,Gaia DR3 1839380943503207552,21,3,,,,
HD  86066,148.93144136994,-19.67708459624,0.0253,0.0237,90.0,O,2020yCat.1350....0G,A2V,Gaia DR3 5670584955144424576,22,3,,,,
HD 201076,316.43332165716,47.80471613968,0.0206,0.0218,90.0,O,2020yCat.1350....0G,A0V,Gaia DR3 2165235439355225344,23,3,,,,
HD  28007,66.47271724737,17.44763284521,0.0294,0.0169,90.0,O,2020yCat.1350....0G,F2V,Gaia DR3 3313984606542996096,24,3,6907.0,,,1.0
HD 167503,274.14254136352,-23.90254813591,0.1151,0.1029,90.0,O,2020yCat.1350....0G,F0/2V,Gaia DR3 4065567285929073792,25,3,,,,
HD  45614,96.2742765019,-55.7252686257,0.0167,0.0164,90.0,O,2020yCat.1350....0G,F0V,Gaia DR3 5496317756622132224,26,3,6954.0,,,2.0
HD   6610,17.170297328640004,70.68154084509,0.0409,0.0385,90.0,O,2020yCat.1350....0G,A0,Gaia DR3 533245311067368064 ,27,3,,,,
HD  18851,45.03275643175,-47.41696984187,0.0168,0.019,90.0,O,2020yCat.1350....0G,A6IV/V,Gaia DR3 4753584178745296896,28,3,,,,
HD  30483,72.17197818312,16.63427370371,0.0234,0.0115,90.0,O,2020yCat.1350....0G,F5,Gaia DR3 3406010774850360064,29,3,6736.5,,,2.0
HD 119152,205.46990996833,-18.98484640566,0.0446,0.036,90.0,O,2020yCat.1350....0G,F0V,Gaia DR3 6293246911169554944,30,3,6975.0,,,2.0
HD   2029,6.049928601569999,-54.56665291909,0.0117,0.0124,90.0,O,2020yCat.1350....0G,F2V,Gaia DR3 4923164300935338752,31,3,6692.0,,,2.0
HD  96870,170.44955811885,87.63847319994,0.1379,0.1366,90.0,O,2020yCat.1350....0G,B8,Gaia DR3 1151693835451136128,32,3,,,,
HD  36820,83.76950458313,15.639040433870004,0.0686,0.0482,90.0,O,2020yCat.1350....0G,B9,Gaia DR3 3396049817979070464,33,3,,,,
HD 196723,309.53454490494994,30.57750120496,0.0166,0.0197,90.0,O,2020yCat.1350....0G,A0,Gaia DR3 1862291604743234560,34,3,,,,
HD 175862,287.92511337443995,-81.41283833257,0.0145,0.0168,90.0,O,2020yCat.1350....0G,F0/2V,Gaia DR3 6359958537938555904,35,3,6755.0,,,2.0
HD  67317,122.55236121369,55.8043173108,0.0236,0.0248,90.0,O,2020yCat.1350....0G,A2,Gaia DR3 1033349172706023936,36,3,,,,
HD 104999,181.35477774711,17.28931156041,0.0205,0.0167,90.0,O,2020yCat.1350....0G,F5,Gaia DR3 3925893063969232768,37,3,6506.0,,,2.0
HD 207300,327.00254400683,-6.46308276719,0.1284,0.109,90.0,O,2020yCat.1350....0G,A2IV,Gaia DR3 2667963113668165248,38,3,,,,
HD  58698A,111.51293024954,-18.362970453446945,0.0201,0.0229,90.0,O,2020yCat.1350....0G,A0IV/V,Gaia DR3 3026774336672103424,39,3,,,,
HD 214304,339.37437985854,-20.37821503298,0.0237,0.0251,90.0,O,2020yCat.1350....0G,A3mA3-F0,Gaia DR3 2400829445076185344,40,3,,,,
HD  61308,114.33346305364002,-30.79221099157,0.0222,0.0263,90.0,O,2020yCat.1350....0G,B8/9V,Gaia DR3 5599139754735553280,41,3,,,,
HD  49359,100.52022914245,-69.70654663508,0.0268,0.0242,90.0,O,2020yCat.1350....0G,A0IV/V,Gaia DR3 5278947331468328576,42,3,,,,
HD  99781,172.12372846001,-31.857016607279995,0.0193,0.0165,90.0,O,2020yCat.1350....0G,A7V,Gaia DR3 3481441464402658176,43,3,,,,
HD  33038,76.89530286583,2.4691292277700003,0.0277,0.0201,90.0,O,2020yCat.1350....0G,B8/9V,Gaia DR3 3235052006815657728,44,3,,,,
HD 187128,296.91565486862,15.907636026069998,0.029,0.0301,90.0,O,2020yCat.1350....0G,B9,Gaia DR3 1820589155956553472,45,3,,,,
HD  64133,117.93955060190002,-18.357547006200004,0.0196,0.021,90.0,O,2020yCat.1350....0G,B9IV,Gaia DR3 5717645186692551936,46,3,,,,
HD  12284,29.926201231560004,-35.419811326609995,0.0107,0.0143,90.0,O,2020yCat.1350....0G,A9III,Gaia DR3 4968841037609849472,47,3,6956.0,,,1.0
HD 185391,295.89098484161,-66.96040806786,0.0123,0.0235,90.0,O,2020yCat.1350....0G,F0IV,Gaia DR3 6427921245737540352,48,3,7031.0,,,1.0
* nu. Psc,25.35789226178708,5.487611634559999,0.1586,0.0892,90.0,O,2020yCat.1350....0G,K3III,Gaia DR3 2562091860584132096,49,3,4123.0,1.5,-0.27,11.0
*  19 Pup,122.81793876918375,-12.926998685673055,0.0752,0.0745,90.0,O,2020yCat.1350....0G,G8.5IIIb,Gaia DR3 5726736979617591808,50,3,4933.5,2.99,0.0,2.0
* tau Cas,356.76439327339,58.65199103572999,0.0543,0.0559,90.0,O,2020yCat.1350....0G,K1-IIIa,Gaia DR3 1999333119114597632,1,3,4588.5,2.315,-0.015,2.0
* ksi And,20.58508364821,45.52877673579,0.0902,0.075,90.0,O,2020yCat.1350....0G,K0-IIIb,Gaia DR3 398030875774246656 ,2,3,4750.0,2.79,0.15,6.0
HD  91190,158.77287640462,75.71290185511,0.0852,0.0901,90.0,O,2020yCat.1350....0G,G8III-IIIb,Gaia DR3 1126897477422999936,3,3,4965.0,2.75,0.05,3.0
* ome Hya,136.49320743567,5.09232602999,0.0957,0.0916,90.0,O,2020yCat.1350....0G,K2II-III,Gaia DR3 580275512191589760 ,4,3,4539.5,1.75,0.0,4.0
* ksi Leo,142.98642072335,11.299821799159998,0.1131,0.128,90.0,O,2020yCat.1350....0G,G9.5III,Gaia DR3 589907543288859264 ,5,3,4708.0,2.475,-0.125,2.0
* gam Men,82.97021910681667,-76.34090168363221,0.2087,0.239,90.0,O,2020yCat.1350....0G,K2III,Gaia DR3 4648162939452971008,6,3,4627.0,2.9050000000000002,0.335,4.0
*   1 Aqr,309.85371960773,0.4864319445600001,0.0852,0.0535,90.0,O,2020yCat.1350....0G,K0III,Gaia DR3 4231171058672649856,7,3,4750.0,2.7300000000000004,0.07500000000000001,6.0
HD 102328,176.73175952512,55.62818900445,0.0415,0.0493,90.0,O,2020yCat.1350....0G,K2.5IIIbCN1,Gaia DR3 841920040781646080 ,8,3,4400.0,2.25,0.235,4.0
HD 185351,294.15823686072,44.69493376732,0.0497,0.0539,90.0,O,2020yCat.1350....0G,G8.5IIIbFe-0.5,Gaia DR3 2078403295235690112,9,3,5019.5,3.34,0.0,14.0
HD  15920,39.50847155369,72.81825294254,0.0505,0.0561,90.0,O,2020yCat.1350....0G,G8III,Gaia DR3 545900827338842752 ,10,3,5080.0,2.88,-0.06,3.0
* h Vir,203.2419649669108,-10.164998630117775,0.1386,0.0903,90.0,O,2020yCat.1350....0G,G8III,Gaia DR3 3617798051756565760,11,3,4837.0,2.59,-0.31,5.0
* y Her,264.15689041749,48.5856325818,0.0472,0.0493,90.0,O,2020yCat.1350....0G,K1III,Gaia DR3 1366858193604257792,12,3,4510.0,2.24,-0.31,3.0
HD  34043,78.68353793816,5.15614675406,0.1252,0.0821,90.0,O,2020yCat.1350....0G,K4III,Gaia DR3 3240367801938009728,13,3,4120.0,2.0,-0.04,1.0
HD 213022,336.50343112496995,70.77090340644,0.3112,0.2935,90.0,O,2020yCat.1350....0G,K2III,Gaia DR3 2229499729308170368,14,3,,,,
HD  68312,122.88751843737,-7.77253902531,0.0738,0.0562,90.0,O,2020yCat.1350....0G,G7III-IIIb,Gaia DR3 3063621307772865920,15,3,5090.0,2.88,-0.055,5.0
HD 118904,204.29578186349,71.24224931341,0.0487,0.046,90.0,O,2020yCat.1350....0G,K2III,Gaia DR3 1687031134888475008,16,3,,,,
HD 157681,260.43903483067,53.42043009771,0.0447,0.0451,90.0,O,2020yCat.1350....0G,K4III,Gaia DR3 1419240920415509376,17,3,3954.0,1.11,-0.24,3.0
HD  92095,159.77356498535,53.66829963215,0.0273,0.0405,90.0,O,2020yCat.1350....0G,K3III,Gaia DR3 850196545840227328 ,18,3,,,,
*  62 Aql,301.0964616007,-0.70930849573,0.0592,0.0386,90.0,O,2020yCat.1350....0G,K3III,Gaia DR3 4236110752105660032,19,3,4163.0,,,1.0
*  34 Vul,320.26830783921,23.85596853904,0.0652,0.0508,90.0,O,2020yCat.1350....0G,K0III,Gaia DR3 1792369296632990848,20,3,4680.0,2.53,-0.16,9.0
*  86 Peg,1.42484005519,13.396268133790002,0.0519,0.0414,90.0,O,2020yCat.1350....0G,G5III,Gaia DR3 2768591448634694912,21,3,5088.0,2.7649999999999997,-0.05,4.0
HD 203399,318.92686817285994,77.01229692298,0.0324,0.0325,90.0,O,2020yCat.1350....0G,K5III,Gaia DR3 2278464551206789504,22,3,,,,
*   6 UMa,134.15602225986,64.60382733464,0.0593,0.108,90.0,O,2020yCat.1350....0G,G7IIIb,Gaia DR3 1044566355973270400,23,3,5030.0,2.66,-0.12,3.0
* g Boo,217.15755366011288,49.84485042362362,0.0295,0.0362,90.0,O,2020yCat.1350....0G,G4III-IVFe-1,Gaia DR3 1603662211901473408,24,3,5000.0,2.275,-0.675,9.0
HD  39004,87.74212581701,27.96786198373,0.0677,0.0485,90.0,O,2020yCat.1350....0G,G7III:,Gaia DR3 3443049576380598400,25,3,4930.0,2.9699999999999998,-0.045000000000000005,2.0
*  71 Vir,202.30416908565,10.818309192119996,0.0637,0.0305,90.0,O,2020yCat.1350....0G,K0III,Gaia DR3 3738318338775659648,26,3,4658.0,2.505,-0.1,5.0
HD 196852,309.74798574986,30.33426695378,0.023,0.0315,90.0,O,2020yCat.1350....0G,K2III,Gaia DR3 1859271143221902592,27,3,4637.0,2.46,-0.12,3.0
HD  26755,64.28372302355,57.86031979553001,0.154,0.0981,90.0,O,2020yCat.1350....0G,K1III,Gaia DR3 469395399534137728 ,28,3,4630.0,2.465,0.05500000000000001,5.0
*   3 Per,29.63960817519,49.20435293342,0.0349,0.0372,90.0,O,2020yCat.1350....0G,K0IV,Gaia DR3 357623445496975872 ,29,3,4804.5,2.86,-0.14,8.0
HD 156874,259.70219373611,28.822966664280003,0.023,0.0318,90.0,O,2020yCat.1350....0G,K0III,Gaia DR3 4575302701925636480,30,3,4896.0,2.82,-0.015,7.0
HD  27349,65.04144738017,31.95317569926,0.037,0.0228,90.0,O,2020yCat.1350....0G,K5III,Gaia DR3 166534337543253120 ,31,3,,,,
HD 213930,338.41937262726,56.62473764137,0.0293,0.0337,90.0,O,2020yCat.1350....0G,K0III,Gaia DR3 2006866663560075776,32,3,4975.0,2.87,0.12,3.0
HD  69994,125.08738303788002,20.74772120559,0.0388,0.0294,90.0,O,2020yCat.1350....0G,K1III,Gaia DR3 675727793092702080 ,33,3,4650.0,2.6,-0.07,1.0
HD 163652,269.73203144506,-36.85837457678,0.0329,0.0291,90.0,O,2020yCat.1350....0G,G8III,Gaia DR3 4037358426191922688,34,3,4991.0,2.56,-0.37,2.0
HD 104985,181.31298828928,76.90573409254,0.028,0.033,90.0,O,2020yCat.1350....0G,G8.5IIIb,Gaia DR3 1693159194226600192,35,3,4750.0,2.5949999999999998,-0.33499999999999996,9.0
*  44 And,17.57808504059,42.08147499637,0.0327,0.0263,90.0,O,2020yCat.1350....0G,F8V,Gaia DR3 373069831518646528 ,36,3,5951.0,3.61,-0.030000000000000002,7.0
HD  46509,100.13438563403,71.74878599176,0.0189,0.0281,90.0,O,2020yCat.1350....0G,K0III,Gaia DR3 1112863173567966336,37,3,,,,
HD   3807,10.17654837346,-4.3518402831600005,0.0524,0.0212,90.0,O,2020yCat.1350....0G,K0III,Gaia DR3 2527541872345889792,38,3,4625.0,2.3,-0.44,1.0
HD 151388,251.29914515307,43.2171719219,0.0213,0.0325,90.0,O,2020yCat.1350....0G,K4III,Gaia DR3 1357489495541554688,39,3,4061.0,1.55,-0.235,2.0
*   6 Lyn,97.69628162561207,58.162633282470274,0.0213,0.0234,90.0,O,2020yCat.1350....0G,K0.5IIIbFe0.5,Gaia DR3 1004358968092652544,40,3,4957.0,3.215,-0.09,4.0
HD  68077,123.45910540972,56.45225111379,0.0271,0.0271,90.0,O,2020yCat.1350....0G,G9III,Gaia DR3 1033475857061476608,41,3,4940.0,2.8,0.0,1.0
HD   8334,20.653972456200005,1.7263328436499998,0.0313,0.0203,90.0,O,2020yCat.1350....0G,K5III,Gaia DR3 2559260652502356608,42,3,,,,
HD 197139,310.01316335958,43.45887760359,0.0191,0.0213,90.0,O,2020yCat.1350....0G,K2III,Gaia DR3 2069603800593460224,43,3,4470.0,2.27,-0.24,6.0
HD 104075,179.8230508578,33.167002437460006,0.026,0.0348,90.0,O,2020yCat.1350....0G,K1II-III,Gaia DR3 4027931110281084416,44,3,,,,
HD  12583,30.74404005261,-15.305930166030002,0.0374,0.0254,90.0,O,2020yCat.1350....0G,K0II/III,Gaia DR3 5148062498087925248,45,3,5076.0,2.85,0.15,3.0
HD 139357,233.81749413739,53.92214149778,0.0416,0.0426,90.0,O,2020yCat.1350....0G,K4III:,Gaia DR3 1597757387783227008,46,3,4598.0,2.585,0.28500000000000003,4.0
*  10 Del,310.31753305956,14.58287794897,0.0301,0.0188,90.0,O,2020yCat.1350....0G,K4III:,Gaia DR3 1762381079059254400,47,3,4378.0,2.27,-0.015,2.0
HD  33833,78.20053726893,-6.05718940505,0.0276,0.0165,90.0,O,2020yCat.1350....0G,G7III,Gaia DR3 3208587277330249856,48,3,4980.0,3.0,-0.03,1.0
HD  27179,64.33009093225,-6.472173861280001,0.0214,0.0163,90.0,O,2020yCat.1350....0G,K0II,Gaia DR3 3202157848727653760,49,3,4850.0,2.6,0.06,1.0
*  64 Aql,302.00759307016,-0.67818462373,0.0337,0.0201,90.0,O,2020yCat.1350....0G,K1IV,Gaia DR3 4236276194243977344,50,3,4779.0,3.14,-0.03,5.0
HD   3303,8.88891238872,-54.8218717129,0.014,0.0152,90.0,O,2020yCat.1350....0G,K0IV,Gaia DR3 4921421918602162688,1,3,4700.0,2.7,-0.41,1.0
HD 124186,212.81300342741,32.29589223341999,0.0142,0.0156,90.0,O,2020yCat.1350....0G,K4III,Gaia DR3 1478371380150987520,2,3,4433.0,2.7,0.27,3.0
HD 117710,202.8156931132,42.10615346468,0.0133,0.0167,90.0,O,2020yCat.1350....0G,K2III,Gaia DR3 1501230643506053632,3,3,4661.0,2.29,0.21,1.0
HD  32406,76.0607023776,30.494582827799995,0.0242,0.0112,90.0,O,2020yCat.1350....0G,K0II-III,Gaia DR3 157092247079651456 ,4,3,4833.0,2.26,0.15,1.0
HD 225276,1.2333291814499998,26.64877089024,0.0427,0.0338,90.0,O,2020yCat.1350....0G,K4IIIb,Gaia DR3 2853679286254061696,5,3,,,,
HD 203574,320.13936345251,60.75640762351,0.0337,0.0324,90.0,O,2020yCat.1350....0G,G5III,Gaia DR3 2191950853167526272,6,3,4805.0,2.32,-0.11,1.0
HD  10042,23.41321285806,-78.50481978674,0.0206,0.0204,90.0,O,2020yCat.1350....0G,K0III,Gaia DR3 4633431991899353856,7,3,4803.5,2.355,-0.345,2.0
HD 202720,319.12341067465,42.25179014393999,0.0146,0.0159,90.0,O,2020yCat.1350....0G,K2,Gaia DR3 1969079610002745728,8,3,,,,
*  22 Pup,125.69519712687,-13.05479283948,0.0161,0.0161,90.0,O,2020yCat.1350....0G,K0III,Gaia DR3 5723917007169042816,9,3,4863.0,2.55,-0.07,1.0
HD 175823,283.44295587582,57.48655724487,0.0152,0.0176,90.0,O,2020yCat.1350....0G,K5III:,Gaia DR3 2153625661689553408,10,3,4352.0,2.17,-0.1,3.0
HD 138524,232.33788989323,62.09952939968,0.0192,0.0189,90.0,O,2020yCat.1350....0G,K5,Gaia DR3 1640438603811339008,11,3,4142.0,1.93,0.005,2.0
HD  65448,120.62834897042002,63.090338946870006,0.094,0.1455,90.0,O,2020yCat.1350....0G,G1III,Gaia DR3 1085344665266177920,12,3,,,,
HD  39685,88.56566367817,3.2256414066899994,0.0181,0.0145,90.0,O,2020yCat.1350....0G,K2III,Gaia DR3 3316311138787345664,13,3,,,,
HD  40325,90.07874114392,44.59201295338001,0.0257,0.0193,90.0,O,2020yCat.1350....0G,K2III,Gaia DR3 961506567552649984 ,14,3,,,,
HD  38885,86.82785976943,-35.67407409223999,0.0164,0.0192,90.0,O,2020yCat.1350....0G,K1III,Gaia DR3 2888135575488124800,15,3,,,,
HD 195820,307.83813073413,52.30952336130001,0.0174,0.0187,90.0,O,2020yCat.1350....0G,K0III,Gaia DR3 2181544426593974400,16,3,4758.0,2.73,-0.12,3.0
HD  98499,170.22415698056,67.10074989014,0.0764,0.0825,90.0,O,2020yCat.1350....0G,G8,Gaia DR3 1060651214654122112,17,3,4825.0,2.7,0.23,1.0
HD 196642,309.34826705435,38.32866655659,0.0146,0.0184,90.0,O,2020yCat.1350....0G,K0III,Gaia DR3 2063197186858948992,18,3,,,,
HD  41125,90.64088474479,-14.497156052459996,0.0174,0.0206,90.0,O,2020yCat.1350....0G,K0III,Gaia DR3 2994131313904384256,19,3,4940.0,2.4749999999999996,-0.065,2.0
HD   8120,20.14405002699,-3.24699153478,0.0217,0.0127,90.0,O,2020yCat.1350....0G,K0III,Gaia DR3 2483442385100118656,20,3,,,,
HD  38765,87.7348481829,51.51457059084999,0.1928,0.1617,90.0,O,2020yCat.1350....0G,K1III,Gaia DR3 214878111469201664 ,21,3,,,,
HD 213242,337.08120547669,64.08515501519,0.0132,0.014,90.0,O,2020yCat.1350....0G,K0,Gaia DR3 2205585660645440000,22,3,4690.0,2.37,0.22,4.0
HD 124678,213.64835846389,13.97544935892,0.0171,0.0165,90.0,O,2020yCat.1350....0G,K2,Gaia DR3 1227200425666121856,23,3,4174.0,1.98,-0.085,2.0
HD 110678,190.76720077334,61.15542135438999,0.0139,0.0139,90.0,O,2020yCat.1350....0G,K0,Gaia DR3 1580115929873555200,24,3,4372.0,1.82,0.07,1.0
HD  39312,87.39219266117,-44.87539338354001,0.0408,0.0448,90.0,O,2020yCat.1350....0G,K1III,Gaia DR3 4801768974458903040,25,3,,,,
HD 178208,286.29100249668,49.92316413456,0.1554,0.1256,90.0,O,2020yCat.1350....0G,K3III,Gaia DR3 2133597988670827776,26,3,,,,
HD  97501,168.41705056797,41.08883581526,0.0166,0.0233,90.0,O,2020yCat.1350....0G,K2III,Gaia DR3 765568407160116096 ,27,3,4556.0,2.16,0.11,1.0
HD  59826,113.35345596782,37.18789561936,0.0177,0.0166,90.0,O,2020yCat.1350....0G,K0,Gaia DR3 898666832324034688 ,28,3,,,,
* mu. Eri,71.37563095050251,-3.2546598112747223,0.1941,0.1258,90.0,O,2020yCat.1350....0G,B5IV,Gaia DR3 3225773709225508736,29,3,15770.0,,,1.0
* eps Hyi,39.89734019763959,-68.26694668466418,0.154,0.215,90.0,O,2020yCat.1350....0G,B9Va,Gaia DR3 4695167130257543424,30,3,10523.0,,,2.0
* kap Eri,36.74634213164126,-47.70384065879168,0.1013,0.1202,90.0,O,2020yCat.1350....0G,B7IV,Gaia DR3 4939205900704478592,31,3,14700.0,3.5,,1.0
* iot Oph,253.50196471632205,10.165361384452224,0.0853,0.0731,90.0,O,2020yCat.1350....0G,B8V,Gaia DR3 4447348307551626624,32,3,11675.5,,,2.0
* bet01 Tuc,7.886116900947914,-62.95821745653945,0.0727,0.0688,90.0,O,2020yCat.1350....0G,B9.5Va,Gaia DR3 4900927434176620160,33,3,10770.0,,,2.0
* eta Lyr,288.4395350838295,39.14596601124306,0.095,0.0947,90.0,O,2020yCat.1350....0G,B6,Gaia DR3 2099679223187100800,34,3,17360.0,3.38,-0.01,1.0
* kap Cep,302.22228643703,77.71142098602,0.0849,0.1066,90.0,O,2020yCat.1350....0G,B9III,Gaia DR3 2290599311287582464,35,3,10425.0,3.65,-0.05,2.0
* m Car,144.8375470052871,-61.32804977268306,0.0757,0.0691,90.0,O,2020yCat.1350....0G,B9IV/V,Gaia DR3 5251098523021221376,36,3,11550.0,,,3.0
* nu. And,12.45352635157333,41.07891089498556,0.1797,0.1167,90.0,O,2020yCat.1350....0G,B5V,Gaia DR3 375010813139050368 ,37,3,11181.0,4.0,0.06,2.0
V* ET UMa,156.0326953299,65.56642260365,0.0624,0.0774,90.0,O,2020yCat.1350....0G,A1:VpSiSrHg,Gaia DR3 1053778957742409984,38,3,10728.5,3.825,0.125,2.0
* ome For,38.46125624119999,-28.232337658359995,0.0664,0.1092,90.0,O,2020yCat.1350....0G,B9.5IV,Gaia DR3 5069213731825915648,39,3,10583.5,,,2.0
* iot CrB,240.36068716354,29.851060946760004,0.0525,0.0598,90.0,O,2020yCat.1350....0G,A0IIIspHgMnEu,Gaia DR3 1320255698202371072,40,3,10978.5,3.725,0.17,8.0
HD  34310,78.85155090608,-26.943508125440005,0.0427,0.0529,90.0,O,2020yCat.1350....0G,B9V,Gaia DR3 2956064297206301312,41,3,10928.0,,,2.0
HD   3240,9.03462581546,54.16844990991,0.0387,0.051,90.0,O,2020yCat.1350....0G,B8IV,Gaia DR3 418030923572427520 ,42,3,12093.5,3.696,,2.0
*  21 CVn,199.56045638016,49.68206366796001,0.0542,0.0701,90.0,O,2020yCat.1350....0G,B9IV(Si),Gaia DR3 1556189972738829184,43,3,10447.0,,,1.0
HD 101189,174.53028989032,-61.82653122357,0.1072,0.109,90.0,O,2020yCat.1350....0G,ApHgMn,Gaia DR3 5334154806761557504,44,3,10715.0,,,1.0
HD  97583,168.18836249815,-64.16976976726,0.0543,0.0571,90.0,O,2020yCat.1350....0G,B8V,Gaia DR3 5240584404406985472,45,3,10765.0,,,1.0
* eta Pyx,129.46730329812,-26.25500012611,0.0484,0.0467,90.0,O,2020yCat.1350....0G,A0V,Gaia DR3 5647071417958187392,46,3,10327.0,,,2.0
*  11 CMa,101.71288465562,-14.42597548303,0.0972,0.1094,90.0,O,2020yCat.1350....0G,B8/9III,Gaia DR3 2949098787968203520,47,3,11540.0,,,1.0
HD 212710,333.29380347792994,86.1080032346,0.1641,0.1432,90.0,O,2020yCat.1350....0G,B9.5Vn,Gaia DR3 2304182888391818240,48,3,,,,
HD  64486,121.1960786457,79.47961384277,0.0627,0.0719,90.0,O,2020yCat.1350....0G,B9.5IVs,Gaia DR3 1139165175331616768,49,3,,,,
* iot Vol,102.86243819417,-70.96341039675,0.1216,0.1315,90.0,O,2020yCat.1350....0G,B7III,Gaia DR3 5266581089830743296,50,3,11803.0,,,1.0
*  14 Cyg,294.86038592205,42.81826140669,0.2235,0.2154,90.0,O,2020yCat.1350....0G,B9III,Gaia DR3 2077959092540451456,1,3,10957.0,3.45,0.08,1.0
*   7 Cep,321.94225759196,66.80909698289,0.0602,0.0627,90.0,O,2020yCat.1350....0G,B7V,Gaia DR3 2221245661158478336,2,3,12560.0,,,1.0
HD 145454,241.58198655412,67.81013521233,0.0684,0.0596,90.0,O,2020yCat.1350....0G,A0Vn,Gaia DR3 1643563042195991424,3,3,10046.0,,,1.0
*  16 Tau,56.20089556751999,24.28946759207,0.0643,0.047,90.0,O,2020yCat.1350....0G,B7V,Gaia DR3 65287458566524928  ,4,3,13133.0,,,2.0
*  19 UMi,242.70635183192,75.87756181464,0.0816,0.0594,90.0,O,2020yCat.1350....0G,B8V,Gaia DR3 1704123214941238656,5,3,11641.0,,,1.0
*  53 Tau,64.85873995604,21.142305268929995,0.0699,0.0387,90.0,O,2020yCat.1350....0G,B9Vsp,Gaia DR3 49415527182759296  ,6,3,12000.0,4.0,-0.6,10.0
* pi. Tuc,5.16267594946,-69.62491873970001,0.0528,0.0534,90.0,O,2020yCat.1350....0G,B9V,Gaia DR3 4703064819200500096,7,3,10256.5,,,2.0
* sig Psc,15.70456995008,31.804261676309995,0.0774,0.0534,90.0,O,2020yCat.1350....0G,B9.5V,Gaia DR3 314142055583243904 ,8,3,10740.0,,,1.0
*  11 Sge,299.43935614400993,16.78916057833,0.0366,0.0364,90.0,O,2020yCat.1350....0G,B9III,Gaia DR3 1820154058573970944,9,3,,,,
* O Vel,145.92597708829,-53.89128179928999,0.0452,0.0438,90.0,O,2020yCat.1350....0G,A0IV,Gaia DR3 5309205822766572032,10,3,10023.0,,,1.0
*  67 Peg,351.21180213700995,32.38488065768,0.0506,0.0411,90.0,O,2020yCat.1350....0G,B9III,Gaia DR3 2871009135696800896,11,3,,,,
HD   6960,17.85654612597,64.20267787515,0.0392,0.0454,90.0,O,2020yCat.1350....0G,B9.5V,Gaia DR3 523449792035598848 ,12,3,10423.0,,,1.0
HD   4622,12.004437524169996,-21.72252630398,0.1108,0.0701,90.0,O,2020yCat.1350....0G,B9V,Gaia DR3 2349591516026681088,13,3,10309.5,3.782,,4.0
* k Boo,226.35764371998,48.15097021154,0.0347,0.0367,90.0,O,2020yCat.1350....0G,A0Vs,Gaia DR3 1588975588412216576,14,3,9985.0,4.32,0.019,2.0
*  81 UMa,203.53043914813,55.3484346165,0.0407,0.044,90.0,O,2020yCat.1350....0G,A0V,Gaia DR3 1562168842092340352,15,3,9886.0,,,1.0
* kap02 Vol,125.00219802259,-71.50537824201,0.0647,0.0594,90.0,O,2020yCat.1350....0G,B9/A0IV,Gaia DR3 5221286296008492416,16,3,12045.0,3.9,0.69,1.0
*  38 Peg,337.50756023151,32.57263847719,0.0287,0.0358,90.0,O,2020yCat.1350....0G,B9.5V,Gaia DR3 1901075056335332608,17,3,10093.0,,,1.0
*  14 Sge,300.87506149831995,16.031252307390005,0.034,0.0286,90.0,O,2020yCat.1350....0G,B9pHgMn,Gaia DR3 1808075236135604736,18,3,13442.5,3.5,0.635,6.0
HD 197392,310.48542276102995,41.71687448417,0.0468,0.0561,90.0,O,2020yCat.1350....0G,B8II-III,Gaia DR3 2066350345686053888,19,3,,,,
*  13 Del,311.95138751422,6.00820866671,0.0424,0.0227,90.0,O,2020yCat.1350....0G,A0V,Gaia DR3 1735906350890358144,20,3,9840.0,,,1.0
HD 180555,289.11164203439,14.544611860630004,0.1526,0.1502,90.0,O,2020yCat.1350....0G,B9.5V,Gaia DR3 4320279260621065472,21,3,10280.0,,,1.0
*  23 Peg,331.39447693159,28.96397975012,0.0424,0.0469,90.0,O,2020yCat.1350....0G,B9Vn,Gaia DR3 1893599923453399040,22,3,10765.0,,,1.0
* y02 Pup,114.18300032365,-48.83016602093,0.0451,0.0405,90.0,O,2020yCat.1350....0G,B8V,Gaia DR3 5506275586760552320,23,3,10077.0,,,2.0
*   2 Per,28.03905128614,50.79279280878,0.0486,0.0706,90.0,O,2020yCat.1350....0G,B9pHgMn,Gaia DR3 358011366943014016 ,24,3,,,,
*  71 Dra,304.90303002982,62.25744376567,0.0684,0.0808,90.0,O,2020yCat.1350....0G,B9V,Gaia DR3 2243143328580355584,25,3,10740.0,,,1.0
*  79 Cyg,325.85688473342,38.28359107887,0.024,0.0292,90.0,O,2020yCat.1350....0G,A0V,Gaia DR3 1953588728112369408,26,3,,,,
HD 209515A,330.73608664172,44.64986127064,0.0416,0.0368,90.0,O,2020yCat.1350....0G,,Gaia DR3 1962740066469924096,27,3,,,,
HD 172728,279.38965591144,62.526575910990005,0.0858,0.0884,90.0,O,2020yCat.1350....0G,A0V,Gaia DR3 2160077939517532544,28,3,10495.0,,,1.0
HD 216831,343.93544969624,36.35139583944,0.0362,0.0585,90.0,O,2020yCat.1350....0G,B7III,Gaia DR3 1915667396702502400,29,3,12963.0,3.6985,0.4,2.0
HD  38206,85.8402955163,-18.557475454980004,0.0238,0.0302,90.0,O,2020yCat.1350....0G,A0V,Gaia DR3 2967287596507432704,30,3,10080.0,4.5,0.06,3.0
HD  44323,94.92065312954,-34.39659084816,0.0334,0.0379,90.0,O,2020yCat.1350....0G,B9V,Gaia DR3 2891625425395496576,31,3,11267.0,,,2.0
HD 205314,323.2358001442,49.97763291055,0.0809,0.0779,90.0,O,2020yCat.1350....0G,A0V,Gaia DR3 2171316219676385664,32,3,10257.0,,,1.0
HD  58612,111.35528232038,-25.2177650869,0.0228,0.0374,90.0,O,2020yCat.1350....0G,B5III,Gaia DR3 5616608829834868992,33,3,,,,
V* V567 Cas,1.2756286688299998,61.31397009099,0.0354,0.0384,90.0,O,2020yCat.1350....0G,B6III,Gaia DR3 429451138534730368 ,34,3,,,,
HD  37717,84.68136530257,-40.70731026029,0.0548,0.0599,90.0,O,2020yCat.1350....0G,B8V,Gaia DR3 4807662288064531456,35,3,12151.0,,,2.0
HD  47500,99.30764693020129,-36.99064927398501,0.1615,0.1943,90.0,O,2020yCat.1350....0G,B7III,Gaia DR3 5580209153792109440,36,3,14269.5,,,2.0
HD  80950,139.3648732786,-74.73459027637,0.0281,0.0308,90.0,O,2020yCat.1350....0G,A0V,Gaia DR3 5216186726719969792,37,3,10069.0,,,1.0
*  19 Lyr,287.94170186559,31.28345659633,0.0266,0.0327,90.0,O,2020yCat.1350....0G,B8IIIpSiSr,Gaia DR3 2042565400924276736,38,3,,,,
V* Y UMa,190.08866766485,55.84655530084999,0.0681,0.0822,90.0,O,2020yCat.1350....0G,M7II-III:,Gaia DR3 1571425389967131264,39,3,,,,
*  61 Cyg B,316.7302660185276,38.74204403329556,0.019,0.0232,90.0,O,2020yCat.1350....0G,K7V,Gaia DR3 1872046574983497216,40,3,3938.0,4.5,-0.21000000000000002,19.0
V* V965 Her,265.75545024945,29.65290833517,0.0204,0.0245,90.0,O,2020yCat.1350....0G,M1II,Gaia DR3 4597175424176955008,41,3,,,,
V* TW Aur,89.27810652152,45.50949704903,0.0671,0.0787,90.0,O,2020yCat.1350....0G,M5III,Gaia DR3 196931367283396992 ,42,3,,,,
V* IZ TrA,235.66816214945,-65.92455186998,0.0234,0.0335,90.0,O,2020yCat.1350....0G,M6III,Gaia DR3 5825432373172356864,43,3,,,,
HD  88230,152.8422497884929,49.4542363908575,0.0121,0.0129,90.0,O,2020yCat.1350....0G,K6VeFe-1,Gaia DR3 823773494718931968 ,44,3,4060.0,4.51,0.21,9.0
V* CF And,345.93255369629,37.85378300607,0.0304,0.0354,90.0,O,2020yCat.1350....0G,M7,Gaia DR3 1916175611589231488,45,3,,,,
HD  79637,138.79682985215,-3.9678136666,0.045,0.0582,90.0,O,2020yCat.1350....0G,M3/4(III),Gaia DR3 5758942014494552704,46,3,,,,
V* EP Cam,102.15608462885,76.99002075357,0.049,0.0548,90.0,O,2020yCat.1350....0G,M6,Gaia DR3 1139801311528690944,47,3,,,,
V* OT Pup,125.54638994469,-25.63183123936,0.0425,0.0402,90.0,O,2020yCat.1350....0G,M5/6III,Gaia DR3 5695211919674043648,48,3,,,,
V* CY CVn,210.09323617912,37.87116879780999,0.0269,0.0439,90.0,O,2020yCat.1350....0G,M8,Gaia DR3 1495803832068560128,49,3,,,,
V* V438 Oph,258.66575635524,11.06943621802,0.0439,0.0391,90.0,O,2020yCat.1350....0G,M8,Gaia DR3 4540070535438247296,50,3,,,,
V* V842 Ara,250.33192935079,-55.29778546876,0.0729,0.0587,90.0,O,2020yCat.1350....0G,M5/6III,Gaia DR3 5930155701777380224,1,3,,,,
V* HT Aqr,325.08255161919,-1.7860826451499998,0.0602,0.044,90.0,O,2020yCat.1350....0G,M8,Gaia DR3 2674490811123264384,2,3,,,,
V* LT Vir,200.50733939868,2.75728794345,0.0312,0.0215,90.0,O,2020yCat.1350....0G,M3III,Gaia DR3 3712495827161288832,3,3,,,,
V* IR UMa,207.50413800176,54.86943487542,0.0171,0.0196,90.0,O,2020yCat.1350....0G,M0,Gaia DR3 1561555314603877888,4,3,,,,
HD  58293,110.44020785877,-56.25315427621,0.0227,0.0255,90.0,O,2020yCat.1350....0G,M5II,Gaia DR3 5487368728405486464,5,3,,,,
HD 197686,311.2896455947699,3.27548209524,0.0213,0.0128,90.0,O,2020yCat.1350....0G,M2/3III,Gaia DR3 1734190008942812928,6,3,,,,
HD 235873,338.0953182332,53.222720798100006,0.0264,0.0262,90.0,O,2020yCat.1350....0G,M5III,Gaia DR3 2001546126793754112,7,3,,,,
HD  47725,101.62958374309,71.35731185857,0.0157,0.0213,90.0,O,2020yCat.1350....0G,M2,Gaia DR3 1112652170415227648,8,3,,,,
HD 204307,321.82744594748,14.11345530167,0.0279,0.0244,90.0,O,2020yCat.1350....0G,M7,Gaia DR3 1771165249250651264,9,3,,,,
V* BE And,349.92899157818,48.66921116524999,0.0469,0.0451,90.0,O,2020yCat.1350....0G,M8,Gaia DR3 1942451637396845312,10,3,,,,
V* V389 CMa,106.57165378773,-24.61616783826,0.0198,0.0272,90.0,O,2020yCat.1350....0G,M5,Gaia DR3 2921337940429882752,11,3,,,,
HD  99113,170.98442428302,-44.67271565273,0.0235,0.0227,90.0,O,2020yCat.1350....0G,M6III,Gaia DR3 5376744836311996672,12,3,,,,
HD 206695,325.53282744168,54.82161518699,0.0419,0.0409,90.0,O,2020yCat.1350....0G,M6,Gaia DR3 2174386159219988480,13,3,,,,
V* AO Sgr,273.05681544557,-29.85957033366,0.0483,0.0455,90.0,O,2020yCat.1350....0G,M5(III),Gaia DR3 4049682027375908608,14,3,,,,
V* FX Ori,85.4795188252,14.83388528113,0.0387,0.0306,90.0,O,2020yCat.1350....0G,M5:,Gaia DR3 3347793554008217088,15,3,,,,
V* HM Lyr,283.08849214159,33.52021911465,0.0264,0.0329,90.0,O,2020yCat.1350....0G,M6,Gaia DR3 2090705421599882496,16,3,,,,
V* LQ Vir,199.65275979613,12.911691953109996,0.0221,0.02,90.0,O,2020yCat.1350....0G,M5,Gaia DR3 3742617188722475904,17,3,,,,
V* FK Gem,102.33423389829,12.17589863724,0.042,0.0394,90.0,O,2020yCat.1350....0G,M6.5,Gaia DR3 3351587732414107008,18,3,,,,
HD  79210,138.59489526034582,52.68660875093138,0.0156,0.013,90.0,O,2020yCat.1350....0G,K7V,Gaia DR3 1022456139210632064,19,3,3940.0,4.69,0.17,2.0
BD+62  1924,319.61043432932,63.56549905213,0.0301,0.0288,90.0,O,2020yCat.1350....0G,M6.5,Gaia DR3 2196260668167965440,20,3,,,,
V* EY Cam,113.92307416585,67.45272193557,0.0141,0.0252,90.0,O,2020yCat.1350....0G,M5,Gaia DR3 1096023878111446912,21,3,,,,
V* VY Pic,76.60226701391,-56.23144475706,0.0169,0.0204,90.0,O,2020yCat.1350....0G,M4III,Gaia DR3 4764377470216070272,22,3,,,,
CD-33  5972,139.95354629052,-33.64427962068,0.019,0.0243,90.0,O,2020yCat.1350....0G,M5,Gaia DR3 5629919723754166272,23,3,,,,
HD   1326,4.5953540832,44.02295498655222,0.0144,0.0101,90.0,O,2020yCat.1350....0G,M2V,Gaia DR3 385334230892516480 ,24,3,,,,
V* MW Del,308.91115110728,3.997594768550001,0.0237,0.0164,90.0,O,2020yCat.1350....0G,M5,Gaia DR3 4233318061284406400,25,3,,,,
DO 21501,337.07515094044,35.54672127884,0.0394,0.0408,90.0,O,2020yCat.1350....0G,M6,Gaia DR3 1905767771962623872,26,3,,,,
BD+28   697,72.2585999672,28.71091216793,0.0545,0.0224,90.0,O,2020yCat.1350....0G,M8,Gaia DR3 155179371724750592 ,27,3,,,,
BD+60  1544,217.28932258387,59.88689446228,0.0193,0.0192,90.0,O,2020yCat.1350....0G,M2,Gaia DR3 1618206276835241600,28,3,,,,
V* TZ LMi,154.69353586489,39.31152081698,0.083,0.0757,90.0,O,2020yCat.1350....0G,M2,Gaia DR3 803925724992902400 ,29,3,,,,
CD-31  5170,118.090950166,-31.84844128992999,0.0128,0.0198,90.0,O,2020yCat.1350....0G,M4,Gaia DR3 5595272875418286976,30,3,,,,
V* BB Dra,268.43731650391,57.05595194591,0.0333,0.0363,90.0,O,2020yCat.1350....0G,M8,Gaia DR3 1421610952089051136,31,3,,,,
IRAS 00354+6817,9.6239936808,68.57171331931,0.0279,0.0295,90.0,O,2020yCat.1350....0G,M5,Gaia DR3 529452923667976704 ,32,3,,,,
V* SY Lyr,280.36466298274,28.814424927009995,0.0311,0.039,90.0,O,2020yCat.1350....0G,O-rich,Gaia DR3 4539470099018493568,33,3,,,,
V* UX CMi,116.39061298632,5.208598599529999,0.0361,0.0292,90.0,O,2020yCat.1350....0G,M5,Gaia DR3 3137814565712405248,34,3,,,,
CD-24  7596,134.62165303504,-24.501705898710004,0.0174,0.0131,90.0,O,2020yCat.1350....0G,,Gaia DR3 5652784785309486592,35,3,,,,
V* V943 Her,259.13668284832,27.683232383979995,0.0147,0.0185,90.0,O,2020yCat.1350....0G,M2,Gaia DR3 4575130078599912576,36,3,,,,
V* XX For,28.82664456404,-35.803112027610005,0.0228,0.0298,90.0,O,2020yCat.1350....0G,M0,Gaia DR3 4968911165835266816,37,3,,,,
V* V485 Sco,262.97937046586,-33.72847763729,0.0474,0.0371,90.0,O,2020yCat.1350....0G,M5III,Gaia DR3 4054393812563869056,38,3,,,,
BD-16  2281,121.34937316186,-17.10302798977,0.0272,0.0235,90.0,O,2020yCat.1350....0G,M5,Gaia DR3 5721052813742839936,39,3,,,,
V* EG Leo,142.45868324693,19.0994072365,0.0216,0.0163,90.0,O,2020yCat.1350....0G,M2,Gaia DR3 634044448288505600 ,40,3,,,,
CD-27  3070,98.02271251987,-27.1606268383,0.0228,0.028,90.0,O,2020yCat.1350....0G,,Gaia DR3 2898836160091765248,41,3,,,,
BD+11  1054,92.86498552121,11.21475056001,0.0633,0.0548,90.0,O,2020yCat.1350....0G,M7,Gaia DR3 3330298644683142656,42,3,,,,
BD+46   734A,50.16911721135,46.67983620004,0.0323,0.0288,90.0,O,2020yCat.1350....0G,M4III,Gaia DR3 243000148577643264 ,43,3,,,,
V* Y Equ,316.52881853883,7.829914785840001,0.0429,0.0234,90.0,O,2020yCat.1350....0G,M6,Gaia DR3 1737183296206147200,44,3,,,,
IRAS 10511-5251,163.32627981596,-53.12442461726,0.047,0.0499,90.0,O,2020yCat.1350....0G,M8,Gaia DR3 5359580806977103104,45,3,,,,
HD  96766,167.11918251087,-20.786500505260005,0.022,0.0243,90.0,O,2020yCat.1350....0G,M3/4III,Gaia DR3 3551277598276854016,46,3,,,,
CD-27  5131,122.98065500584998,-28.30854264411,0.0184,0.0237,90.0,O,2020yCat.1350....0G,"S4,2",Gaia DR3 5692957577243866880,47,3,,,,
HD  95099,164.75858741831,19.08220358219,0.0317,0.0307,90.0,O,2020yCat.1350....0G,,Gaia DR3 3984674879735331200,48,3,,,,
HD  96146,166.22581897427,-35.804671301620004,0.201,0.3218,90.0,O,2020yCat.1350....0G,A0V,Gaia DR3 5400737039021509632,49,3,9750.0,,,1.0
*  15 Peg,328.12465334104,28.79354185549,0.0362,0.0431,90.0,O,2020yCat.1350....0G,F2V,Gaia DR3 1896396703077703936,50,3,6328.0,4.08,-0.535,26.0
HD  20041,48.94987708504,57.14062318321,0.0321,0.04,90.0,O,2020yCat.1350....0G,A0Ia,Gaia DR3 448103803535751680 ,1,3,10400.0,1.65,,2.0
HD  76932,134.6830531843296,-16.132727123434446,0.0277,0.0267,90.0,O,2020yCat.1350....0G,G2VFe-1.8CH-1,Gaia DR3 5730371484020807808,2,3,5860.0,4.105,-0.9,40.0
* chi02 Hya,166.4898749742,-27.28785353011,0.0423,0.0491,90.0,O,2020yCat.1350....0G,B8V,Gaia DR3 3532312225289255040,3,3,11066.0,,,1.0
*  45 And,17.792821415540004,37.72412445284,0.0472,0.041,90.0,O,2020yCat.1350....0G,B7III-IV,Gaia DR3 369934093075424640 ,4,3,12874.0,,,1.0
HD 151862,252.39440798504,13.261137624720002,0.0297,0.0249,90.0,O,2020yCat.1350....0G,A1V,Gaia DR3 4449357115297455872,5,3,9397.0,,,1.0
HD 158261,261.69227212225,34.69580108275,0.0266,0.0314,90.0,O,2020yCat.1350....0G,A0V,Gaia DR3 1335756411268494080,6,3,9727.0,,,1.0
HD  80057,139.01679110735,-44.89872150462,0.0169,0.0209,90.0,O,2020yCat.1350....0G,A0Iab,Gaia DR3 5423801425726635264,7,3,9300.0,1.75,,1.0
* 129 Tau,86.68957012112,15.8224951298,0.0585,0.0399,90.0,O,2020yCat.1350....0G,B8IIIpHg(Mn),Gaia DR3 3348206012606519168,8,3,13651.0,3.488,-0.1,2.0
HD 127304,217.45696075709,31.79118853122,0.0228,0.0265,90.0,O,2020yCat.1350....0G,A0Vs(Si),Gaia DR3 1285476672242623488,9,3,9979.0,4.11,0.233,2.0
HD 186440,295.78999102054,30.677890711510003,0.0247,0.0273,90.0,O,2020yCat.1350....0G,A1V,Gaia DR3 2032861317502068224,10,3,9638.0,,,1.0
HD  23258,56.11751581941999,20.92873572803,0.0463,0.0282,90.0,O,2020yCat.1350....0G,A0Vp_lB,Gaia DR3 63478624499091968  ,11,3,9503.0,4.3,-0.67,2.0
HD 188385,298.66750004528,7.140353083370001,0.0216,0.0179,90.0,O,2020yCat.1350....0G,A2V,Gaia DR3 4297359494014043264,12,3,9036.0,,,1.0
HD  79108,138.0536699728,3.86697813137,0.0418,0.0384,90.0,O,2020yCat.1350....0G,A0V,Gaia DR3 579147000944785792 ,13,3,9683.0,,,1.0
HD 122866,210.74898975943,50.97180743894,0.0351,0.0401,90.0,O,2020yCat.1350....0G,A2V,Gaia DR3 1512260909796696832,14,3,9099.0,,,1.0
HD 131551,224.98233204459,-75.0326701288,0.0273,0.0333,90.0,O,2020yCat.1350....0G,B9V,Gaia DR3 5793326324379141248,15,3,10351.0,,,1.0
*   3 Peg,324.43185825957,6.618391455640001,0.0403,0.035,90.0,O,2020yCat.1350....0G,A2V,Gaia DR3 2701125861831057792,16,3,8024.5,,,2.0
HD 103095,178.2448639115646,37.718681698090286,0.0139,0.0145,90.0,O,2020yCat.1350....0G,K1V_Fe-1.5,Gaia DR3 4034171629042489088,17,3,5063.0,4.65,-1.35,57.0
*  26 Psc,358.78246934079,7.0709711448,0.0356,0.0294,90.0,O,2020yCat.1350....0G,B9V,Gaia DR3 2746298781663140352,18,3,10633.0,3.978,,2.0
HD 154972,259.14853540190995,-74.5330113142,0.0236,0.0268,90.0,O,2020yCat.1350....0G,A0V,Gaia DR3 5802431174006919296,19,3,,,,
HD  28763,67.85771076918,-13.644223038560002,0.0319,0.0246,90.0,O,2020yCat.1350....0G,A2/3V,Gaia DR3 3177358226524915456,20,3,8608.0,,,2.0
HD 175132,283.03020805036,41.38324470261,0.0362,0.0402,90.0,O,2020yCat.1350....0G,B9IIIpSi,Gaia DR3 2104376989694932608,21,3,11455.0,3.6,1.4,1.0
HD  75466,132.000899237,-52.85015343169001,0.0336,0.0377,90.0,O,2020yCat.1350....0G,B8V,Gaia DR3 5318412686452956800,22,3,11324.0,,,1.0
HD  21620,52.87225147325,49.2097726804,0.023,0.0222,90.0,O,2020yCat.1350....0G,A0Vn,Gaia DR3 249350103106450048 ,23,3,9354.0,,,1.0
HD  39927,88.89737050102,-4.78858556499,0.049,0.0425,90.0,O,2020yCat.1350....0G,A0V,Gaia DR3 3022709854493303680,24,3,8890.0,,,1.0
HD 192934,304.01427622507,38.89800654422,0.0598,0.0662,90.0,O,2020yCat.1350....0G,A1V,Gaia DR3 2061344097469904384,25,3,,,,
HD  31590,76.16528137331436,74.0669555717794,4.040189,3.1642535,90.0,O,2007A&A...474..653V,A1V,Gaia DR3 502542170414672128 ,26,3,,,,
HD 182761,291.3432982403,20.27172686503,0.0163,0.0245,90.0,O,2020yCat.1350....0G,A0V,Gaia DR3 4515911103915737600,27,3,10046.0,,,1.0
HD 143187,238.95675385095,58.91177143283,0.034,0.0374,90.0,O,2020yCat.1350....0G,B8V,Gaia DR3 1625998756259467264,28,3,,,,
HD  92536,159.84513072435,-64.11178840526,0.0295,0.0264,90.0,O,2020yCat.1350....0G,B8V,Gaia DR3 5239895633422585856,29,3,,,,
HD 128294,220.49879075802,-77.01145166952,0.0502,0.0506,90.0,O,2020yCat.1350....0G,B9III,Gaia DR3 5785993715692374656,30,3,,,,
V* V1649 Ori,80.87943996198,5.32308649718,0.0277,0.0221,90.0,O,2020yCat.1350....0G,hA3VamA1_lB,Gaia DR3 3237243196049815936,31,3,8730.0,,,1.0
HD  30321,71.60067651654,-2.9545278457400004,0.0259,0.0178,90.0,O,2020yCat.1350....0G,A0/1V,Gaia DR3 3225786594126540800,32,3,9120.0,,,2.0
HD 133029,225.16132457702,47.27744221843,0.0239,0.0243,90.0,O,2020yCat.1350....0G,A0VspSiSrCr,Gaia DR3 1587432458202711424,33,3,9164.0,4.5,0.63,1.0
HD  38056,85.36219010709,-33.40074206575,0.0242,0.0296,90.0,O,2020yCat.1350....0G,B9.5V,Gaia DR3 2900979348769551744,34,3,10426.5,,,2.0
*  80 Dra,332.56374977374,72.11126449549,0.029,0.0292,90.0,O,2020yCat.1350....0G,A0VpHgSrSi,Gaia DR3 2230725272454627456,35,3,,,,
HD  20980,50.56785884649,-25.5878048097,0.0148,0.021,90.0,O,2020yCat.1350....0G,A1V,Gaia DR3 5061926069975057408,36,3,9466.0,,,2.0
HD   9298,23.031574600730004,34.79996322294,0.0511,0.0324,90.0,O,2020yCat.1350....0G,B7IIIp(HgMn),Gaia DR3 317407124081631488 ,37,3,12438.0,3.703,,2.0
HD  22402,54.50075951002,42.58284337882,0.031,0.0233,90.0,O,2020yCat.1350....0G,B8Vn,Gaia DR3 237515475339561984 ,38,3,12647.0,,,1.0
*  34 Hya,144.4646107407,-9.424448471620002,0.0339,0.0291,90.0,O,2020yCat.1350....0G,A0Vp,Gaia DR3 5740749121439641856,39,3,10181.0,4.1,0.099,2.0
HD  18546,44.38594567094,-38.19092309732,0.0228,0.0236,90.0,O,2020yCat.1350....0G,A0Vn,Gaia DR3 5045432364765457792,40,3,10134.0,,,1.0
HD  21427A,52.54561433541,59.36595127156,0.0223,0.0241,90.0,O,2020yCat.1350....0G,,Gaia DR3 450211563029092352 ,41,3,9078.0,,,1.0
HD  74475,130.73749625788,-35.94330172305,0.0178,0.0229,90.0,O,2020yCat.1350....0G,A0V,Gaia DR3 5626255292023430400,42,3,9314.5,,,2.0
HD  32781,78.64800638946292,76.47275646515082,0.0208,0.0243,90.0,O,2020yCat.1350....0G,A0III:,Gaia DR3 503826399995055744 ,43,3,10093.0,,,1.0
HD  37781,84.57258528497,-50.6409955756,0.028,0.0263,90.0,O,2020yCat.1350....0G,A0V,Gaia DR3 4793418733401275520,44,3,,,,
,,,,,,,,,Gaia DR3 2180169006262367104,45,3,,,,
HD 200030,314.85258073006,42.32446370036,0.0244,0.0294,90.0,O,2020yCat.1350....0G,B9,Gaia DR3 2161752942410816128,46,3,,,,
HD  98176,169.30968169061,-41.93432349172,0.0182,0.021,90.0,O,2020yCat.1350....0G,A0V,Gaia DR3 5383289266958512384,47,3,,,,
HD  86320,147.75339412273,-80.06104760913,0.1013,0.0802,90.0,O,2020yCat.1350....0G,B8IV,Gaia DR3 5201784945460884224,48,3,,,,
